/*******************************************************************************
 * Size: 32 px
 * Bpp: 4
 * Opts: --bpp 4 --size 32 --font C:\Brofalo\grumpyscreen\fonts\src\IBMPlexMono-SemiBold.ttf -r 0x20-0x7F --format lvgl --no-compress --output C:\Brofalo\grumpyscreen\assets\pono\fonts\plex_semibold_32.c
 ******************************************************************************/

#ifdef LV_LVGL_H_INCLUDE_SIMPLE
#include "lvgl.h"
#else
#include "lvgl/lvgl.h"
#endif

#ifndef PLEX_SEMIBOLD_32
#define PLEX_SEMIBOLD_32 1
#endif

#if PLEX_SEMIBOLD_32

/*-----------------
 *    BITMAPS
 *----------------*/

/*Store the image of the glyphs*/
static LV_ATTRIBUTE_LARGE_CONST const uint8_t glyph_bitmap[] = {
    /* U+0020 " " */

    /* U+0021 "!" */
    0xa, 0xff, 0xfd, 0x0, 0xaf, 0xff, 0xd0, 0xa,
    0xff, 0xfd, 0x0, 0xaf, 0xff, 0xd0, 0xa, 0xff,
    0xfd, 0x0, 0xaf, 0xff, 0xd0, 0x9, 0xff, 0xfd,
    0x0, 0x7f, 0xff, 0xa0, 0x4, 0xff, 0xf7, 0x0,
    0x1f, 0xff, 0x40, 0x0, 0xef, 0xf1, 0x0, 0xb,
    0xfe, 0x0, 0x0, 0x8f, 0xb0, 0x0, 0x5, 0xf8,
    0x0, 0x0, 0x1c, 0x40, 0x0, 0x0, 0x0, 0x0,
    0x0, 0x68, 0x61, 0x0, 0xdf, 0xff, 0xf2, 0x4f,
    0xff, 0xff, 0x74, 0xff, 0xff, 0xf8, 0x2f, 0xff,
    0xff, 0x50, 0x5d, 0xfe, 0x80,

    /* U+0022 "\"" */
    0x9f, 0xff, 0x20, 0xe, 0xff, 0xd9, 0xff, 0xf2,
    0x0, 0xef, 0xfd, 0x9f, 0xff, 0x20, 0xe, 0xff,
    0xd9, 0xff, 0xf2, 0x0, 0xef, 0xfd, 0x9f, 0xff,
    0x20, 0xe, 0xff, 0xd9, 0xff, 0xf2, 0x0, 0xef,
    0xfd, 0x9f, 0xff, 0x20, 0xe, 0xff, 0xd9, 0xff,
    0xf2, 0x0, 0xef, 0xfd, 0x9f, 0xff, 0x20, 0xe,
    0xff, 0xd9, 0xff, 0xf2, 0x0, 0xef, 0xfd, 0x0,
    0x0, 0x0, 0x0, 0x0, 0x0,

    /* U+0023 "#" */
    0x0, 0x0, 0x0, 0x4f, 0xff, 0x10, 0x2f, 0xff,
    0x20, 0x0, 0x0, 0x0, 0x6, 0xff, 0xe0, 0x5,
    0xff, 0xf0, 0x0, 0x0, 0x0, 0x0, 0x9f, 0xfb,
    0x0, 0x7f, 0xfd, 0x0, 0x0, 0x0, 0x0, 0xc,
    0xff, 0x80, 0xa, 0xff, 0xa0, 0x0, 0x0, 0x0,
    0x0, 0xff, 0xf5, 0x0, 0xdf, 0xf7, 0x0, 0x0,
    0x0, 0x0, 0x2f, 0xff, 0x20, 0xf, 0xff, 0x40,
    0x0, 0x7, 0xff, 0xff, 0xff, 0xf0, 0x3, 0xff,
    0xff, 0xff, 0xd0, 0x7f, 0xff, 0xff, 0xfd, 0x0,
    0x6f, 0xff, 0xff, 0xfd, 0x7, 0xff, 0xff, 0xff,
    0xa0, 0x9, 0xff, 0xff, 0xff, 0xd0, 0x1, 0x11,
    0xef, 0xf7, 0x0, 0xbf, 0xf8, 0x11, 0x11, 0x0,
    0x0, 0x1f, 0xff, 0x40, 0xe, 0xff, 0x50, 0x0,
    0x0, 0x0, 0x4, 0xff, 0xf1, 0x1, 0xff, 0xf2,
    0x0, 0x0, 0xaf, 0xff, 0xff, 0xfe, 0x0, 0x4f,
    0xff, 0xff, 0xfa, 0xa, 0xff, 0xff, 0xff, 0xc0,
    0x7, 0xff, 0xff, 0xff, 0xa0, 0xaf, 0xff, 0xff,
    0xf9, 0x0, 0xaf, 0xff, 0xff, 0xfa, 0x0, 0x11,
    0x2f, 0xff, 0x60, 0xd, 0xff, 0x71, 0x11, 0x0,
    0x0, 0x3, 0xff, 0xf3, 0x0, 0xff, 0xf3, 0x0,
    0x0, 0x0, 0x0, 0x5f, 0xff, 0x0, 0x2f, 0xff,
    0x10, 0x0, 0x0, 0x0, 0x8, 0xff, 0xd0, 0x5,
    0xff, 0xe0, 0x0, 0x0, 0x0, 0x0, 0xbf, 0xfa,
    0x0, 0x8f, 0xfc, 0x0, 0x0, 0x0, 0x0, 0xd,
    0xff, 0x80, 0xb, 0xff, 0x90, 0x0, 0x0, 0x0,
    0x0, 0xff, 0xf5, 0x0, 0xef, 0xf7, 0x0, 0x0,
    0x0,

    /* U+0024 "$" */
    0x0, 0x0, 0x0, 0x7, 0xcc, 0x50, 0x0, 0x0,
    0x0, 0x0, 0x0, 0x0, 0xa, 0xff, 0x70, 0x0,
    0x0, 0x0, 0x0, 0x0, 0x0, 0xa, 0xff, 0x70,
    0x0, 0x0, 0x0, 0x0, 0x0, 0x0, 0x4c, 0xff,
    0xb3, 0x0, 0x0, 0x0, 0x0, 0x2, 0xaf, 0xff,
    0xff, 0xff, 0xf9, 0x20, 0x0, 0x0, 0x4f, 0xff,
    0xff, 0xff, 0xff, 0xff, 0xf5, 0x0, 0x2, 0xff,
    0xff, 0xff, 0xff, 0xff, 0xff, 0xff, 0x40, 0xa,
    0xff, 0xfe, 0x68, 0xff, 0x78, 0xef, 0xfc, 0x0,
    0xe, 0xff, 0xf3, 0x6, 0xff, 0x40, 0x1b, 0xc0,
    0x0, 0x1f, 0xff, 0xe0, 0x6, 0xff, 0x40, 0x0,
    0x0, 0x0, 0x1f, 0xff, 0xe0, 0x6, 0xff, 0x40,
    0x0, 0x0, 0x0, 0xf, 0xff, 0xf5, 0x6, 0xff,
    0x40, 0x0, 0x0, 0x0, 0xa, 0xff, 0xff, 0xaa,
    0xff, 0x40, 0x0, 0x0, 0x0, 0x2, 0xff, 0xff,
    0xff, 0xff, 0xc7, 0x30, 0x0, 0x0, 0x0, 0x5f,
    0xff, 0xff, 0xff, 0xff, 0xfd, 0x40, 0x0, 0x0,
    0x2, 0xbf, 0xff, 0xff, 0xff, 0xff, 0xf6, 0x0,
    0x0, 0x0, 0x1, 0x5b, 0xff, 0xff, 0xff, 0xff,
    0x30, 0x0, 0x0, 0x0, 0x6, 0xff, 0x67, 0xff,
    0xff, 0xa0, 0x0, 0x0, 0x0, 0x6, 0xff, 0x40,
    0x4f, 0xff, 0xe0, 0x0, 0x0, 0x0, 0x6, 0xff,
    0x40, 0xf, 0xff, 0xf0, 0x0, 0x30, 0x0, 0x6,
    0xff, 0x40, 0xf, 0xff, 0xf0, 0x4, 0xfb, 0x10,
    0x6, 0xff, 0x40, 0x4f, 0xff, 0xc0, 0x4f, 0xff,
    0xe6, 0x6, 0xff, 0x44, 0xef, 0xff, 0x70, 0x7f,
    0xff, 0xff, 0xfe, 0xff, 0xff, 0xff, 0xfd, 0x0,
    0x7, 0xff, 0xff, 0xff, 0xff, 0xff, 0xff, 0xe2,
    0x0, 0x0, 0x3b, 0xff, 0xff, 0xff, 0xff, 0xfa,
    0x10, 0x0, 0x0, 0x0, 0x26, 0x9e, 0xff, 0xc5,
    0x10, 0x0, 0x0, 0x0, 0x0, 0x0, 0xa, 0xff,
    0x70, 0x0, 0x0, 0x0, 0x0, 0x0, 0x0, 0xa,
    0xff, 0x70, 0x0, 0x0, 0x0, 0x0, 0x0, 0x0,
    0xa, 0xff, 0x70, 0x0, 0x0, 0x0,

    /* U+0025 "%" */
    0x0, 0x3b, 0xef, 0xd9, 0x10, 0x0, 0x0, 0x8,
    0xff, 0xa0, 0x5f, 0xff, 0xff, 0xfe, 0x10, 0x0,
    0x2, 0xff, 0xf2, 0x1f, 0xff, 0xa8, 0xdf, 0xfa,
    0x0, 0x0, 0xaf, 0xf8, 0x6, 0xff, 0x90, 0x0,
    0xef, 0xf0, 0x0, 0x3f, 0xfe, 0x10, 0x8f, 0xf6,
    0x0, 0xc, 0xff, 0x20, 0xc, 0xff, 0x60, 0x9,
    0xff, 0x50, 0x0, 0xbf, 0xf3, 0x5, 0xff, 0xd0,
    0x0, 0x7f, 0xf7, 0x0, 0xd, 0xff, 0x10, 0xef,
    0xf4, 0x0, 0x3, 0xff, 0xd2, 0x6, 0xff, 0xd0,
    0x7f, 0xfb, 0x0, 0x0, 0xb, 0xff, 0xff, 0xff,
    0xf5, 0xa, 0xbb, 0x20, 0x0, 0x0, 0x1b, 0xff,
    0xff, 0xf7, 0x0, 0x0, 0x0, 0x0, 0x0, 0x0,
    0x3, 0x67, 0x51, 0x0, 0x6, 0xcf, 0xfb, 0x40,
    0x0, 0x0, 0x0, 0x23, 0x31, 0x9, 0xff, 0xff,
    0xff, 0x60, 0x0, 0x0, 0x3f, 0xff, 0x14, 0xff,
    0xf9, 0xaf, 0xff, 0x10, 0x0, 0xa, 0xff, 0x80,
    0xbf, 0xf4, 0x0, 0x8f, 0xf7, 0x0, 0x2, 0xff,
    0xf1, 0xe, 0xff, 0x0, 0x3, 0xff, 0xb0, 0x0,
    0xaf, 0xf9, 0x0, 0xff, 0xf0, 0x0, 0x2f, 0xfc,
    0x0, 0x2f, 0xff, 0x10, 0xf, 0xff, 0x0, 0x2,
    0xff, 0xc0, 0x9, 0xff, 0x90, 0x0, 0xef, 0xf0,
    0x0, 0x3f, 0xfb, 0x1, 0xff, 0xf2, 0x0, 0xb,
    0xff, 0x40, 0x8, 0xff, 0x70, 0x9f, 0xfa, 0x0,
    0x0, 0x5f, 0xff, 0x9a, 0xff, 0xf1, 0x1f, 0xff,
    0x20, 0x0, 0x0, 0xaf, 0xff, 0xff, 0xf6, 0x8,
    0xff, 0xb0, 0x0, 0x0, 0x0, 0x6c, 0xff, 0xb4,
    0x0,

    /* U+0026 "&" */
    0x0, 0x0, 0x6, 0xbe, 0xfe, 0xa3, 0x0, 0x0,
    0x0, 0x0, 0x0, 0x2d, 0xff, 0xff, 0xff, 0xfa,
    0x0, 0x0, 0x0, 0x0, 0xd, 0xff, 0xff, 0xff,
    0xff, 0xfa, 0x0, 0x0, 0x0, 0x5, 0xff, 0xfe,
    0x53, 0x5d, 0xff, 0xf2, 0x0, 0x0, 0x0, 0x9f,
    0xff, 0x30, 0x0, 0xc, 0x81, 0x0, 0x0, 0x0,
    0x9, 0xff, 0xf0, 0x0, 0x0, 0x0, 0x0, 0x0,
    0x0, 0x0, 0x5f, 0xff, 0x40, 0x0, 0x0, 0x0,
    0x0, 0x0, 0x0, 0x0, 0xdf, 0xfd, 0x0, 0x0,
    0x0, 0x0, 0x0, 0x0, 0x0, 0x3, 0xff, 0xfa,
    0x0, 0x0, 0x1, 0x22, 0x22, 0x0, 0x0, 0x1d,
    0xff, 0xf8, 0x0, 0x0, 0xff, 0xff, 0xf6, 0x0,
    0x4e, 0xff, 0xff, 0xf6, 0x0, 0xf, 0xff, 0xff,
    0x60, 0x2f, 0xff, 0xed, 0xff, 0xf4, 0x1, 0xff,
    0xff, 0xf6, 0xb, 0xff, 0xf3, 0x2e, 0xff, 0xf2,
    0x2f, 0xff, 0x0, 0x1, 0xff, 0xfb, 0x0, 0x4f,
    0xff, 0xd4, 0xff, 0xc0, 0x0, 0x5f, 0xff, 0x70,
    0x0, 0x7f, 0xff, 0xef, 0xf8, 0x0, 0x6, 0xff,
    0xf7, 0x0, 0x0, 0xaf, 0xff, 0xff, 0x40, 0x0,
    0x6f, 0xff, 0x90, 0x0, 0x0, 0xdf, 0xff, 0xe0,
    0x0, 0x3, 0xff, 0xff, 0x10, 0x0, 0x9, 0xff,
    0xff, 0x70, 0x0, 0xd, 0xff, 0xfe, 0x74, 0x5a,
    0xfb, 0xff, 0xff, 0x30, 0x0, 0x4f, 0xff, 0xff,
    0xff, 0xff, 0x45, 0xff, 0xfe, 0x10, 0x0, 0x6f,
    0xff, 0xff, 0xff, 0x90, 0xa, 0xff, 0xfb, 0x0,
    0x0, 0x29, 0xef, 0xeb, 0x40, 0x0, 0xd, 0xff,
    0xf8,

    /* U+0027 "'" */
    0x4f, 0xff, 0x74, 0xff, 0xf7, 0x4f, 0xff, 0x74,
    0xff, 0xf7, 0x4f, 0xff, 0x74, 0xff, 0xf7, 0x4f,
    0xff, 0x74, 0xff, 0xf7, 0x4f, 0xff, 0x74, 0xff,
    0xf7, 0x0, 0x0, 0x0,

    /* U+0028 "(" */
    0x0, 0x0, 0x0, 0x2c, 0xee, 0xc2, 0x0, 0x0,
    0x2, 0xef, 0xfc, 0x10, 0x0, 0x0, 0x1d, 0xff,
    0xd1, 0x0, 0x0, 0x0, 0xaf, 0xfe, 0x10, 0x0,
    0x0, 0x5, 0xff, 0xf4, 0x0, 0x0, 0x0, 0xe,
    0xff, 0x90, 0x0, 0x0, 0x0, 0x6f, 0xff, 0x10,
    0x0, 0x0, 0x0, 0xdf, 0xf9, 0x0, 0x0, 0x0,
    0x2, 0xff, 0xf3, 0x0, 0x0, 0x0, 0x7, 0xff,
    0xd0, 0x0, 0x0, 0x0, 0xb, 0xff, 0xa0, 0x0,
    0x0, 0x0, 0xe, 0xff, 0x70, 0x0, 0x0, 0x0,
    0xf, 0xff, 0x60, 0x0, 0x0, 0x0, 0x1f, 0xff,
    0x60, 0x0, 0x0, 0x0, 0x2f, 0xff, 0x60, 0x0,
    0x0, 0x0, 0x1f, 0xff, 0x60, 0x0, 0x0, 0x0,
    0xf, 0xff, 0x60, 0x0, 0x0, 0x0, 0xe, 0xff,
    0x70, 0x0, 0x0, 0x0, 0xb, 0xff, 0x90, 0x0,
    0x0, 0x0, 0x7, 0xff, 0xd0, 0x0, 0x0, 0x0,
    0x3, 0xff, 0xf2, 0x0, 0x0, 0x0, 0x0, 0xdf,
    0xf8, 0x0, 0x0, 0x0, 0x0, 0x7f, 0xfe, 0x10,
    0x0, 0x0, 0x0, 0xe, 0xff, 0x80, 0x0, 0x0,
    0x0, 0x6, 0xff, 0xf3, 0x0, 0x0, 0x0, 0x0,
    0xcf, 0xfd, 0x10, 0x0, 0x0, 0x0, 0x1e, 0xff,
    0xc0, 0x0, 0x0, 0x0, 0x3, 0xff, 0xfc, 0x0,
    0x0, 0x0, 0x0, 0x2e, 0xff, 0xd2,

    /* U+0029 ")" */
    0x1b, 0xee, 0xe3, 0x0, 0x0, 0x0, 0x0, 0xaf,
    0xff, 0x40, 0x0, 0x0, 0x0, 0xa, 0xff, 0xf2,
    0x0, 0x0, 0x0, 0x0, 0xcf, 0xfd, 0x0, 0x0,
    0x0, 0x0, 0x1f, 0xff, 0x80, 0x0, 0x0, 0x0,
    0x6, 0xff, 0xf2, 0x0, 0x0, 0x0, 0x0, 0xdf,
    0xf9, 0x0, 0x0, 0x0, 0x0, 0x6f, 0xff, 0x0,
    0x0, 0x0, 0x0, 0xf, 0xff, 0x50, 0x0, 0x0,
    0x0, 0xa, 0xff, 0xa0, 0x0, 0x0, 0x0, 0x7,
    0xff, 0xe0, 0x0, 0x0, 0x0, 0x4, 0xff, 0xf1,
    0x0, 0x0, 0x0, 0x3, 0xff, 0xf3, 0x0, 0x0,
    0x0, 0x2, 0xff, 0xf4, 0x0, 0x0, 0x0, 0x2,
    0xff, 0xf5, 0x0, 0x0, 0x0, 0x2, 0xff, 0xf4,
    0x0, 0x0, 0x0, 0x3, 0xff, 0xf3, 0x0, 0x0,
    0x0, 0x4, 0xff, 0xf1, 0x0, 0x0, 0x0, 0x6,
    0xff, 0xe0, 0x0, 0x0, 0x0, 0xa, 0xff, 0xa0,
    0x0, 0x0, 0x0, 0xe, 0xff, 0x60, 0x0, 0x0,
    0x0, 0x5f, 0xff, 0x10, 0x0, 0x0, 0x0, 0xcf,
    0xfa, 0x0, 0x0, 0x0, 0x5, 0xff, 0xf2, 0x0,
    0x0, 0x0, 0x1e, 0xff, 0x90, 0x0, 0x0, 0x0,
    0xbf, 0xfe, 0x10, 0x0, 0x0, 0x9, 0xff, 0xf3,
    0x0, 0x0, 0x0, 0x9f, 0xff, 0x50, 0x0, 0x0,
    0x1b, 0xff, 0xf5, 0x0, 0x0, 0x0,

    /* U+002A "*" */
    0x0, 0x0, 0x0, 0x3f, 0xff, 0x60, 0x0, 0x0,
    0x0, 0x0, 0x0, 0x0, 0x3f, 0xff, 0x60, 0x0,
    0x0, 0x0, 0x0, 0x0, 0x0, 0x3f, 0xff, 0x60,
    0x0, 0x0, 0x0, 0x0, 0x0, 0x0, 0x3f, 0xff,
    0x60, 0x0, 0x0, 0x0, 0xb, 0x61, 0x0, 0x3f,
    0xff, 0x60, 0x0, 0x5b, 0x30, 0x5f, 0xff, 0xb5,
    0x3f, 0xff, 0x64, 0xaf, 0xff, 0x80, 0xaf, 0xff,
    0xff, 0xff, 0xff, 0xff, 0xff, 0xff, 0xd0, 0x6c,
    0xff, 0xff, 0xff, 0xff, 0xff, 0xff, 0xfd, 0x80,
    0x0, 0x27, 0xdf, 0xff, 0xff, 0xff, 0xe8, 0x30,
    0x0, 0x0, 0x0, 0x7, 0xff, 0xff, 0xfb, 0x0,
    0x0, 0x0, 0x0, 0x0, 0x2f, 0xff, 0xff, 0xff,
    0x40, 0x0, 0x0, 0x0, 0x0, 0xcf, 0xff, 0x9f,
    0xff, 0xe1, 0x0, 0x0, 0x0, 0x9, 0xff, 0xfa,
    0x7, 0xff, 0xfc, 0x0, 0x0, 0x0, 0x5f, 0xff,
    0xe1, 0x0, 0xcf, 0xff, 0x80, 0x0, 0x0, 0x8f,
    0xff, 0x30, 0x0, 0x1e, 0xff, 0xb0, 0x0, 0x0,
    0x4, 0xe8, 0x0, 0x0, 0x5, 0xf6, 0x0, 0x0,
    0x0, 0x0, 0x10, 0x0, 0x0, 0x0, 0x10, 0x0,
    0x0,

    /* U+002B "+" */
    0x0, 0x0, 0x0, 0x2b, 0xbb, 0x40, 0x0, 0x0,
    0x0, 0x0, 0x0, 0x3, 0xff, 0xf6, 0x0, 0x0,
    0x0, 0x0, 0x0, 0x0, 0x3f, 0xff, 0x60, 0x0,
    0x0, 0x0, 0x0, 0x0, 0x3, 0xff, 0xf6, 0x0,
    0x0, 0x0, 0x0, 0x0, 0x0, 0x3f, 0xff, 0x60,
    0x0, 0x0, 0x0, 0x0, 0x0, 0x3, 0xff, 0xf6,
    0x0, 0x0, 0x0, 0x5, 0x55, 0x55, 0x7f, 0xff,
    0x95, 0x55, 0x55, 0x10, 0xff, 0xff, 0xff, 0xff,
    0xff, 0xff, 0xff, 0xf3, 0xf, 0xff, 0xff, 0xff,
    0xff, 0xff, 0xff, 0xff, 0x30, 0xff, 0xff, 0xff,
    0xff, 0xff, 0xff, 0xff, 0xf3, 0x0, 0x0, 0x0,
    0x3f, 0xff, 0x60, 0x0, 0x0, 0x0, 0x0, 0x0,
    0x3, 0xff, 0xf6, 0x0, 0x0, 0x0, 0x0, 0x0,
    0x0, 0x3f, 0xff, 0x60, 0x0, 0x0, 0x0, 0x0,
    0x0, 0x3, 0xff, 0xf6, 0x0, 0x0, 0x0, 0x0,
    0x0, 0x0, 0x3f, 0xff, 0x60, 0x0, 0x0, 0x0,
    0x0, 0x0, 0x3, 0xff, 0xf6, 0x0, 0x0, 0x0,

    /* U+002C "," */
    0x0, 0x0, 0x0, 0x0, 0x0, 0x8, 0xff, 0xff,
    0xd0, 0x0, 0xbf, 0xff, 0xf6, 0x0, 0xe, 0xff,
    0xff, 0x0, 0x1, 0xff, 0xff, 0x90, 0x0, 0x4f,
    0xff, 0xf2, 0x0, 0x6, 0xff, 0xfb, 0x0, 0x0,
    0x9f, 0xff, 0x50, 0x0, 0xc, 0xff, 0xe0, 0x0,
    0x0, 0xff, 0xf7, 0x0, 0x0, 0x2f, 0xff, 0x10,
    0x0, 0x0,

    /* U+002D "-" */
    0x0, 0x0, 0x0, 0x0, 0x0, 0x5, 0xff, 0xff,
    0xff, 0xff, 0xf9, 0x5f, 0xff, 0xff, 0xff, 0xff,
    0x95, 0xff, 0xff, 0xff, 0xff, 0xf9, 0x5f, 0xff,
    0xff, 0xff, 0xff, 0x90,

    /* U+002E "." */
    0x4, 0xbd, 0xb6, 0x2, 0xff, 0xff, 0xf5, 0x7f,
    0xff, 0xff, 0xa7, 0xff, 0xff, 0xfa, 0x3f, 0xff,
    0xff, 0x60, 0x6d, 0xfe, 0x80,

    /* U+002F "/" */
    0x0, 0x0, 0x0, 0x0, 0x0, 0x2f, 0xff, 0x80,
    0x0, 0x0, 0x0, 0x0, 0x8, 0xff, 0xf2, 0x0,
    0x0, 0x0, 0x0, 0x0, 0xdf, 0xfc, 0x0, 0x0,
    0x0, 0x0, 0x0, 0x3f, 0xff, 0x60, 0x0, 0x0,
    0x0, 0x0, 0x9, 0xff, 0xf1, 0x0, 0x0, 0x0,
    0x0, 0x0, 0xef, 0xfb, 0x0, 0x0, 0x0, 0x0,
    0x0, 0x5f, 0xff, 0x50, 0x0, 0x0, 0x0, 0x0,
    0xb, 0xff, 0xf0, 0x0, 0x0, 0x0, 0x0, 0x1,
    0xff, 0xf9, 0x0, 0x0, 0x0, 0x0, 0x0, 0x6f,
    0xff, 0x40, 0x0, 0x0, 0x0, 0x0, 0xc, 0xff,
    0xe0, 0x0, 0x0, 0x0, 0x0, 0x2, 0xff, 0xf8,
    0x0, 0x0, 0x0, 0x0, 0x0, 0x8f, 0xff, 0x20,
    0x0, 0x0, 0x0, 0x0, 0xd, 0xff, 0xc0, 0x0,
    0x0, 0x0, 0x0, 0x3, 0xff, 0xf6, 0x0, 0x0,
    0x0, 0x0, 0x0, 0x9f, 0xff, 0x10, 0x0, 0x0,
    0x0, 0x0, 0xe, 0xff, 0xb0, 0x0, 0x0, 0x0,
    0x0, 0x5, 0xff, 0xf5, 0x0, 0x0, 0x0, 0x0,
    0x0, 0xbf, 0xff, 0x0, 0x0, 0x0, 0x0, 0x0,
    0x1f, 0xff, 0x90, 0x0, 0x0, 0x0, 0x0, 0x6,
    0xff, 0xf4, 0x0, 0x0, 0x0, 0x0, 0x0, 0xcf,
    0xfe, 0x0, 0x0, 0x0, 0x0, 0x0, 0x2f, 0xff,
    0x80, 0x0, 0x0, 0x0, 0x0, 0x8, 0xff, 0xf2,
    0x0, 0x0, 0x0, 0x0, 0x0, 0xdf, 0xfc, 0x0,
    0x0, 0x0, 0x0, 0x0, 0x3f, 0xff, 0x70, 0x0,
    0x0, 0x0, 0x0, 0x9, 0xff, 0xf1, 0x0, 0x0,
    0x0, 0x0, 0x0, 0xef, 0xfb, 0x0, 0x0, 0x0,
    0x0, 0x0, 0x5f, 0xff, 0x50, 0x0, 0x0, 0x0,
    0x0, 0x0,

    /* U+0030 "0" */
    0x0, 0x0, 0x17, 0xce, 0xfe, 0xc8, 0x20, 0x0,
    0x0, 0x0, 0x6, 0xff, 0xff, 0xff, 0xff, 0xf9,
    0x0, 0x0, 0x0, 0x7f, 0xff, 0xff, 0xff, 0xff,
    0xff, 0xa0, 0x0, 0x3, 0xff, 0xff, 0xd8, 0x67,
    0xcf, 0xff, 0xf5, 0x0, 0xb, 0xff, 0xfa, 0x0,
    0x0, 0x8, 0xff, 0xfd, 0x0, 0x1f, 0xff, 0xf1,
    0x0, 0x0, 0x0, 0xdf, 0xff, 0x30, 0x6f, 0xff,
    0xb0, 0x0, 0x0, 0x0, 0x8f, 0xff, 0x80, 0x8f,
    0xff, 0x80, 0x0, 0x0, 0x0, 0x5f, 0xff, 0xb0,
    0xbf, 0xff, 0x60, 0x9, 0xca, 0x10, 0x3f, 0xff,
    0xe0, 0xcf, 0xff, 0x60, 0x5f, 0xff, 0x80, 0x3f,
    0xff, 0xf0, 0xdf, 0xff, 0x60, 0x5f, 0xff, 0x80,
    0x3f, 0xff, 0xf0, 0xdf, 0xff, 0x60, 0x1c, 0xfd,
    0x20, 0x3f, 0xff, 0xf0, 0xcf, 0xff, 0x60, 0x0,
    0x0, 0x0, 0x3f, 0xff, 0xf0, 0xbf, 0xff, 0x60,
    0x0, 0x0, 0x0, 0x3f, 0xff, 0xe0, 0x8f, 0xff,
    0x80, 0x0, 0x0, 0x0, 0x5f, 0xff, 0xb0, 0x6f,
    0xff, 0xb0, 0x0, 0x0, 0x0, 0x8f, 0xff, 0x80,
    0x1f, 0xff, 0xf1, 0x0, 0x0, 0x0, 0xdf, 0xff,
    0x30, 0xb, 0xff, 0xfb, 0x0, 0x0, 0x8, 0xff,
    0xfd, 0x0, 0x3, 0xff, 0xff, 0xd8, 0x67, 0xcf,
    0xff, 0xf5, 0x0, 0x0, 0x7f, 0xff, 0xff, 0xff,
    0xff, 0xff, 0xa0, 0x0, 0x0, 0x6, 0xff, 0xff,
    0xff, 0xff, 0xf9, 0x0, 0x0, 0x0, 0x0, 0x17,
    0xce, 0xfe, 0xd8, 0x30, 0x0, 0x0,

    /* U+0031 "1" */
    0x0, 0x0, 0x9, 0xff, 0xff, 0xff, 0x40, 0x0,
    0x0, 0x0, 0x0, 0x7f, 0xff, 0xff, 0xff, 0x40,
    0x0, 0x0, 0x0, 0x5, 0xff, 0xff, 0xff, 0xff,
    0x40, 0x0, 0x0, 0x0, 0x3f, 0xff, 0xf6, 0xff,
    0xff, 0x40, 0x0, 0x0, 0x1, 0xef, 0xff, 0x80,
    0xff, 0xff, 0x40, 0x0, 0x0, 0xc, 0xff, 0xfa,
    0x0, 0xff, 0xff, 0x40, 0x0, 0x0, 0x7f, 0xff,
    0xc0, 0x0, 0xff, 0xff, 0x40, 0x0, 0x0, 0x8,
    0xfd, 0x10, 0x0, 0xff, 0xff, 0x40, 0x0, 0x0,
    0x0, 0x52, 0x0, 0x0, 0xff, 0xff, 0x40, 0x0,
    0x0, 0x0, 0x0, 0x0, 0x0, 0xff, 0xff, 0x40,
    0x0, 0x0, 0x0, 0x0, 0x0, 0x0, 0xff, 0xff,
    0x40, 0x0, 0x0, 0x0, 0x0, 0x0, 0x0, 0xff,
    0xff, 0x40, 0x0, 0x0, 0x0, 0x0, 0x0, 0x0,
    0xff, 0xff, 0x40, 0x0, 0x0, 0x0, 0x0, 0x0,
    0x0, 0xff, 0xff, 0x40, 0x0, 0x0, 0x0, 0x0,
    0x0, 0x0, 0xff, 0xff, 0x40, 0x0, 0x0, 0x0,
    0x0, 0x0, 0x0, 0xff, 0xff, 0x40, 0x0, 0x0,
    0x0, 0x0, 0x0, 0x0, 0xff, 0xff, 0x40, 0x0,
    0x0, 0x0, 0x0, 0x0, 0x0, 0xff, 0xff, 0x40,
    0x0, 0x0, 0x0, 0x77, 0x77, 0x77, 0xff, 0xff,
    0x97, 0x77, 0x72, 0x1, 0xff, 0xff, 0xff, 0xff,
    0xff, 0xff, 0xff, 0xf4, 0x1, 0xff, 0xff, 0xff,
    0xff, 0xff, 0xff, 0xff, 0xf4, 0x1, 0xff, 0xff,
    0xff, 0xff, 0xff, 0xff, 0xff, 0xf4,

    /* U+0032 "2" */
    0x0, 0x0, 0x28, 0xce, 0xfe, 0xc9, 0x20, 0x0,
    0x0, 0x0, 0x9f, 0xff, 0xff, 0xff, 0xff, 0x90,
    0x0, 0x0, 0xbf, 0xff, 0xff, 0xff, 0xff, 0xff,
    0xa0, 0x0, 0x8f, 0xff, 0xfe, 0xba, 0xdf, 0xff,
    0xff, 0x40, 0x2f, 0xff, 0xf9, 0x0, 0x0, 0x6f,
    0xff, 0xfb, 0x4, 0xdf, 0xfb, 0x0, 0x0, 0x0,
    0xbf, 0xff, 0xe0, 0x0, 0x39, 0x30, 0x0, 0x0,
    0x7, 0xff, 0xff, 0x0, 0x0, 0x0, 0x0, 0x0,
    0x0, 0x8f, 0xff, 0xd0, 0x0, 0x0, 0x0, 0x0,
    0x0, 0xc, 0xff, 0xfa, 0x0, 0x0, 0x0, 0x0,
    0x0, 0x4, 0xff, 0xff, 0x30, 0x0, 0x0, 0x0,
    0x0, 0x2, 0xef, 0xff, 0x90, 0x0, 0x0, 0x0,
    0x0, 0x3, 0xef, 0xff, 0xc0, 0x0, 0x0, 0x0,
    0x0, 0x4, 0xff, 0xff, 0xc1, 0x0, 0x0, 0x0,
    0x0, 0x7, 0xff, 0xff, 0xa0, 0x0, 0x0, 0x0,
    0x0, 0xa, 0xff, 0xff, 0x80, 0x0, 0x0, 0x0,
    0x0, 0x2d, 0xff, 0xfe, 0x40, 0x0, 0x0, 0x0,
    0x0, 0x4e, 0xff, 0xfd, 0x20, 0x0, 0x0, 0x0,
    0x0, 0x6f, 0xff, 0xfa, 0x0, 0x0, 0x0, 0x0,
    0x0, 0x2f, 0xff, 0xfe, 0x88, 0x88, 0x88, 0x88,
    0x88, 0x52, 0xff, 0xff, 0xff, 0xff, 0xff, 0xff,
    0xff, 0xf9, 0x2f, 0xff, 0xff, 0xff, 0xff, 0xff,
    0xff, 0xff, 0x92, 0xff, 0xff, 0xff, 0xff, 0xff,
    0xff, 0xff, 0xf9,

    /* U+0033 "3" */
    0x0, 0x0, 0x3, 0x9d, 0xff, 0xed, 0x94, 0x0,
    0x0, 0x0, 0x2, 0xcf, 0xff, 0xff, 0xff, 0xff,
    0xd2, 0x0, 0x0, 0x3f, 0xff, 0xff, 0xff, 0xff,
    0xff, 0xfe, 0x20, 0x0, 0xef, 0xff, 0xfb, 0x88,
    0xaf, 0xff, 0xff, 0xa0, 0x0, 0x2c, 0xfa, 0x10,
    0x0, 0x1, 0xdf, 0xff, 0xe0, 0x0, 0x0, 0x50,
    0x0, 0x0, 0x0, 0x7f, 0xff, 0xf0, 0x0, 0x0,
    0x0, 0x0, 0x0, 0x0, 0x9f, 0xff, 0xb0, 0x0,
    0x0, 0x0, 0x0, 0x0, 0x28, 0xff, 0xff, 0x20,
    0x0, 0x0, 0x0, 0x8f, 0xff, 0xff, 0xff, 0xd3,
    0x0, 0x0, 0x0, 0x0, 0x8f, 0xff, 0xff, 0xe5,
    0x0, 0x0, 0x0, 0x0, 0x0, 0x8f, 0xff, 0xff,
    0xff, 0x90, 0x0, 0x0, 0x0, 0x0, 0x48, 0x89,
    0xbf, 0xff, 0xfd, 0x10, 0x0, 0x0, 0x0, 0x0,
    0x0, 0x2, 0xdf, 0xff, 0xb0, 0x0, 0x0, 0x0,
    0x0, 0x0, 0x0, 0x3f, 0xff, 0xf2, 0x0, 0x0,
    0x0, 0x0, 0x0, 0x0, 0xf, 0xff, 0xf5, 0x0,
    0x3, 0x30, 0x0, 0x0, 0x0, 0xf, 0xff, 0xf5,
    0x0, 0x6f, 0xd1, 0x0, 0x0, 0x0, 0x4f, 0xff,
    0xf4, 0x9, 0xff, 0xfc, 0x20, 0x0, 0x2, 0xdf,
    0xff, 0xf0, 0x7, 0xff, 0xff, 0xfb, 0x88, 0xbf,
    0xff, 0xff, 0x80, 0x0, 0x9f, 0xff, 0xff, 0xff,
    0xff, 0xff, 0xfb, 0x0, 0x0, 0x6, 0xff, 0xff,
    0xff, 0xff, 0xff, 0x80, 0x0, 0x0, 0x0, 0x17,
    0xbe, 0xff, 0xeb, 0x71, 0x0, 0x0,

    /* U+0034 "4" */
    0x0, 0x0, 0x0, 0x0, 0x4, 0xff, 0xff, 0xf3,
    0x0, 0x0, 0x0, 0x0, 0x0, 0x0, 0xef, 0xff,
    0xff, 0x30, 0x0, 0x0, 0x0, 0x0, 0x0, 0x9f,
    0xff, 0xff, 0xf3, 0x0, 0x0, 0x0, 0x0, 0x0,
    0x3f, 0xff, 0xff, 0xff, 0x30, 0x0, 0x0, 0x0,
    0x0, 0xd, 0xff, 0xbc, 0xff, 0xf3, 0x0, 0x0,
    0x0, 0x0, 0x7, 0xff, 0xf1, 0xcf, 0xff, 0x30,
    0x0, 0x0, 0x0, 0x2, 0xff, 0xf7, 0xc, 0xff,
    0xf3, 0x0, 0x0, 0x0, 0x0, 0xbf, 0xfc, 0x0,
    0xcf, 0xff, 0x30, 0x0, 0x0, 0x0, 0x6f, 0xff,
    0x30, 0xc, 0xff, 0xf3, 0x0, 0x0, 0x0, 0x1e,
    0xff, 0x90, 0x0, 0xcf, 0xff, 0x30, 0x0, 0x0,
    0xa, 0xff, 0xe0, 0x0, 0xc, 0xff, 0xf3, 0x0,
    0x0, 0x4, 0xff, 0xf5, 0x0, 0x0, 0xcf, 0xff,
    0x30, 0x0, 0x0, 0xdf, 0xfb, 0x0, 0x0, 0xc,
    0xff, 0xf3, 0x0, 0x0, 0x8f, 0xff, 0x10, 0x0,
    0x0, 0xcf, 0xff, 0x30, 0x0, 0x1f, 0xff, 0xa4,
    0x44, 0x44, 0x4d, 0xff, 0xf7, 0x44, 0x11, 0xff,
    0xff, 0xff, 0xff, 0xff, 0xff, 0xff, 0xff, 0xf3,
    0x1f, 0xff, 0xff, 0xff, 0xff, 0xff, 0xff, 0xff,
    0xff, 0x31, 0xff, 0xff, 0xff, 0xff, 0xff, 0xff,
    0xff, 0xff, 0xf3, 0x0, 0x0, 0x0, 0x0, 0x0,
    0xc, 0xff, 0xf3, 0x0, 0x0, 0x0, 0x0, 0x0,
    0x0, 0x0, 0xcf, 0xff, 0x30, 0x0, 0x0, 0x0,
    0x0, 0x0, 0x0, 0xc, 0xff, 0xf3, 0x0, 0x0,
    0x0, 0x0, 0x0, 0x0, 0x0, 0xcf, 0xff, 0x30,
    0x0,

    /* U+0035 "5" */
    0x0, 0xcf, 0xff, 0xff, 0xff, 0xff, 0xff, 0xf9,
    0x0, 0xe, 0xff, 0xff, 0xff, 0xff, 0xff, 0xff,
    0x90, 0x0, 0xff, 0xff, 0xff, 0xff, 0xff, 0xff,
    0xf9, 0x0, 0xf, 0xff, 0xca, 0xaa, 0xaa, 0xaa,
    0xaa, 0x60, 0x1, 0xff, 0xf4, 0x0, 0x0, 0x0,
    0x0, 0x0, 0x0, 0x2f, 0xff, 0x30, 0x0, 0x0,
    0x0, 0x0, 0x0, 0x3, 0xff, 0xf1, 0x0, 0x0,
    0x0, 0x0, 0x0, 0x0, 0x4f, 0xff, 0x0, 0x6c,
    0xef, 0xd8, 0x10, 0x0, 0x5, 0xff, 0xf0, 0xbf,
    0xff, 0xff, 0xff, 0x50, 0x0, 0x7f, 0xfd, 0x8f,
    0xff, 0xff, 0xff, 0xff, 0x50, 0x8, 0xff, 0xff,
    0xd8, 0x78, 0xdf, 0xff, 0xfe, 0x0, 0x6c, 0xef,
    0x80, 0x0, 0x0, 0x9f, 0xff, 0xf6, 0x0, 0x0,
    0x10, 0x0, 0x0, 0x0, 0xef, 0xff, 0xa0, 0x0,
    0x0, 0x0, 0x0, 0x0, 0xa, 0xff, 0xfc, 0x0,
    0x0, 0x0, 0x0, 0x0, 0x0, 0x9f, 0xff, 0xc0,
    0x0, 0x50, 0x0, 0x0, 0x0, 0xa, 0xff, 0xfb,
    0x0, 0xaf, 0x70, 0x0, 0x0, 0x0, 0xef, 0xff,
    0x71, 0xdf, 0xff, 0x70, 0x0, 0x0, 0xaf, 0xff,
    0xf2, 0xd, 0xff, 0xff, 0xea, 0x89, 0xef, 0xff,
    0xf9, 0x0, 0x2d, 0xff, 0xff, 0xff, 0xff, 0xff,
    0xfc, 0x0, 0x0, 0x1b, 0xff, 0xff, 0xff, 0xff,
    0xfa, 0x0, 0x0, 0x0, 0x3, 0x9d, 0xff, 0xec,
    0x82, 0x0, 0x0,

    /* U+0036 "6" */
    0x0, 0x0, 0x0, 0x3, 0xef, 0xff, 0xf8, 0x0,
    0x0, 0x0, 0x0, 0x6, 0xff, 0xff, 0xd3, 0x0,
    0x0, 0x0, 0x0, 0x7, 0xff, 0xff, 0x90, 0x0,
    0x0, 0x0, 0x0, 0x7, 0xff, 0xff, 0x60, 0x0,
    0x0, 0x0, 0x0, 0x4, 0xff, 0xff, 0x50, 0x0,
    0x0, 0x0, 0x0, 0x1, 0xef, 0xff, 0x60, 0x0,
    0x0, 0x0, 0x0, 0x0, 0x9f, 0xff, 0x90, 0x0,
    0x0, 0x0, 0x0, 0x0, 0x1f, 0xff, 0xe0, 0x4b,
    0xff, 0xd9, 0x20, 0x0, 0x8, 0xff, 0xf7, 0x9f,
    0xff, 0xff, 0xff, 0x70, 0x0, 0xef, 0xff, 0x7f,
    0xff, 0xff, 0xff, 0xff, 0x60, 0x2f, 0xff, 0xff,
    0xc6, 0x45, 0x9f, 0xff, 0xff, 0x15, 0xff, 0xff,
    0xa0, 0x0, 0x0, 0x4f, 0xff, 0xf7, 0x7f, 0xff,
    0xf1, 0x0, 0x0, 0x0, 0xbf, 0xff, 0xb8, 0xff,
    0xfd, 0x0, 0x0, 0x0, 0x8, 0xff, 0xfd, 0x7f,
    0xff, 0xc0, 0x0, 0x0, 0x0, 0x7f, 0xff, 0xd5,
    0xff, 0xfe, 0x0, 0x0, 0x0, 0x9, 0xff, 0xfc,
    0x1f, 0xff, 0xf2, 0x0, 0x0, 0x0, 0xcf, 0xff,
    0x80, 0xbf, 0xff, 0xb0, 0x0, 0x0, 0x6f, 0xff,
    0xf3, 0x3, 0xff, 0xff, 0xd7, 0x56, 0xaf, 0xff,
    0xfa, 0x0, 0x7, 0xff, 0xff, 0xff, 0xff, 0xff,
    0xfd, 0x10, 0x0, 0x6, 0xff, 0xff, 0xff, 0xff,
    0xfb, 0x10, 0x0, 0x0, 0x1, 0x7b, 0xef, 0xfd,
    0x93, 0x0, 0x0,

    /* U+0037 "7" */
    0x3f, 0xff, 0xff, 0xff, 0xff, 0xff, 0xff, 0xff,
    0x73, 0xff, 0xff, 0xff, 0xff, 0xff, 0xff, 0xff,
    0xf7, 0x3f, 0xff, 0xff, 0xff, 0xff, 0xff, 0xff,
    0xff, 0x73, 0xff, 0xfa, 0x77, 0x77, 0x77, 0x7e,
    0xff, 0xf7, 0x3f, 0xff, 0x50, 0x0, 0x0, 0x2,
    0xff, 0xff, 0x23, 0xff, 0xf5, 0x0, 0x0, 0x0,
    0x9f, 0xff, 0xb0, 0x3f, 0xff, 0x50, 0x0, 0x0,
    0xf, 0xff, 0xf4, 0x1, 0x77, 0x72, 0x0, 0x0,
    0x6, 0xff, 0xfd, 0x0, 0x0, 0x0, 0x0, 0x0,
    0x0, 0xdf, 0xff, 0x70, 0x0, 0x0, 0x0, 0x0,
    0x0, 0x4f, 0xff, 0xf0, 0x0, 0x0, 0x0, 0x0,
    0x0, 0xb, 0xff, 0xf9, 0x0, 0x0, 0x0, 0x0,
    0x0, 0x2, 0xff, 0xff, 0x20, 0x0, 0x0, 0x0,
    0x0, 0x0, 0x9f, 0xff, 0xc0, 0x0, 0x0, 0x0,
    0x0, 0x0, 0xf, 0xff, 0xf5, 0x0, 0x0, 0x0,
    0x0, 0x0, 0x7, 0xff, 0xfe, 0x0, 0x0, 0x0,
    0x0, 0x0, 0x0, 0xdf, 0xff, 0x70, 0x0, 0x0,
    0x0, 0x0, 0x0, 0x4f, 0xff, 0xf1, 0x0, 0x0,
    0x0, 0x0, 0x0, 0xb, 0xff, 0xfa, 0x0, 0x0,
    0x0, 0x0, 0x0, 0x2, 0xff, 0xff, 0x30, 0x0,
    0x0, 0x0, 0x0, 0x0, 0x9f, 0xff, 0xd0, 0x0,
    0x0, 0x0, 0x0, 0x0, 0xf, 0xff, 0xf6, 0x0,
    0x0, 0x0, 0x0, 0x0, 0x7, 0xff, 0xfe, 0x0,
    0x0, 0x0, 0x0,

    /* U+0038 "8" */
    0x0, 0x0, 0x4a, 0xde, 0xff, 0xda, 0x50, 0x0,
    0x0, 0x2, 0xcf, 0xff, 0xff, 0xff, 0xff, 0xe4,
    0x0, 0x1, 0xef, 0xff, 0xff, 0xff, 0xff, 0xff,
    0xf3, 0x0, 0x9f, 0xff, 0xfb, 0x64, 0x69, 0xff,
    0xff, 0xc0, 0xe, 0xff, 0xf7, 0x0, 0x0, 0x4,
    0xff, 0xff, 0x10, 0xff, 0xff, 0x10, 0x0, 0x0,
    0xd, 0xff, 0xf2, 0xd, 0xff, 0xf0, 0x0, 0x0,
    0x0, 0xdf, 0xff, 0x0, 0x8f, 0xff, 0x60, 0x0,
    0x0, 0x3f, 0xff, 0xb0, 0x0, 0xcf, 0xff, 0x83,
    0x23, 0x7e, 0xff, 0xd1, 0x0, 0x0, 0x8f, 0xff,
    0xff, 0xff, 0xff, 0x91, 0x0, 0x0, 0x1, 0x8f,
    0xff, 0xff, 0xff, 0xb2, 0x0, 0x0, 0x7, 0xff,
    0xff, 0xff, 0xff, 0xff, 0xfa, 0x0, 0x9, 0xff,
    0xfe, 0x62, 0x1, 0x5d, 0xff, 0xfc, 0x3, 0xff,
    0xff, 0x30, 0x0, 0x0, 0x1e, 0xff, 0xf6, 0x8f,
    0xff, 0xc0, 0x0, 0x0, 0x0, 0x9f, 0xff, 0xba,
    0xff, 0xfb, 0x0, 0x0, 0x0, 0x8, 0xff, 0xfd,
    0x9f, 0xff, 0xd0, 0x0, 0x0, 0x0, 0xaf, 0xff,
    0xc5, 0xff, 0xff, 0x60, 0x0, 0x0, 0x3f, 0xff,
    0xf8, 0xe, 0xff, 0xff, 0xb6, 0x56, 0x9f, 0xff,
    0xff, 0x20, 0x3f, 0xff, 0xff, 0xff, 0xff, 0xff,
    0xff, 0x60, 0x0, 0x3d, 0xff, 0xff, 0xff, 0xff,
    0xfe, 0x50, 0x0, 0x0, 0x4, 0x9d, 0xef, 0xfd,
    0xa5, 0x0, 0x0,

    /* U+0039 "9" */
    0x0, 0x0, 0x28, 0xce, 0xfe, 0xc8, 0x20, 0x0,
    0x0, 0x0, 0xaf, 0xff, 0xff, 0xff, 0xff, 0x80,
    0x0, 0x0, 0xcf, 0xff, 0xff, 0xff, 0xff, 0xff,
    0xa0, 0x0, 0x9f, 0xff, 0xfb, 0x75, 0x7b, 0xff,
    0xff, 0x60, 0x2f, 0xff, 0xf7, 0x0, 0x0, 0x7,
    0xff, 0xfe, 0x7, 0xff, 0xfd, 0x0, 0x0, 0x0,
    0xd, 0xff, 0xf4, 0x9f, 0xff, 0xa0, 0x0, 0x0,
    0x0, 0xaf, 0xff, 0x8a, 0xff, 0xfa, 0x0, 0x0,
    0x0, 0x9, 0xff, 0xfa, 0x9f, 0xff, 0xd0, 0x0,
    0x0, 0x0, 0xcf, 0xff, 0xb5, 0xff, 0xff, 0x60,
    0x0, 0x0, 0x5f, 0xff, 0xfa, 0x1e, 0xff, 0xff,
    0xb6, 0x46, 0xbf, 0xef, 0xff, 0x80, 0x6f, 0xff,
    0xff, 0xff, 0xff, 0x9d, 0xff, 0xf5, 0x0, 0x7f,
    0xff, 0xff, 0xff, 0xb3, 0xff, 0xff, 0x10, 0x0,
    0x29, 0xdf, 0xfc, 0x60, 0x9f, 0xff, 0xb0, 0x0,
    0x0, 0x0, 0x0, 0x0, 0x2f, 0xff, 0xf4, 0x0,
    0x0, 0x0, 0x0, 0x0, 0xc, 0xff, 0xfc, 0x0,
    0x0, 0x0, 0x0, 0x0, 0x9, 0xff, 0xff, 0x20,
    0x0, 0x0, 0x0, 0x0, 0x8, 0xff, 0xff, 0x70,
    0x0, 0x0, 0x0, 0x0, 0x9, 0xff, 0xff, 0xa0,
    0x0, 0x0, 0x0, 0x0, 0xb, 0xff, 0xff, 0xa0,
    0x0, 0x0, 0x0, 0x0, 0x2d, 0xff, 0xff, 0x90,
    0x0, 0x0, 0x0, 0x0, 0x6f, 0xff, 0xff, 0x50,
    0x0, 0x0, 0x0,

    /* U+003A ":" */
    0x6, 0xdf, 0xe8, 0x3, 0xff, 0xff, 0xf7, 0x7f,
    0xff, 0xff, 0xa6, 0xff, 0xff, 0xfa, 0x2f, 0xff,
    0xff, 0x50, 0x4b, 0xdc, 0x60, 0x0, 0x0, 0x0,
    0x0, 0x0, 0x0, 0x0, 0x0, 0x0, 0x0, 0x0,
    0x0, 0x0, 0x0, 0x0, 0x0, 0x0, 0x0, 0x4b,
    0xdb, 0x60, 0x2f, 0xff, 0xff, 0x57, 0xff, 0xff,
    0xfa, 0x7f, 0xff, 0xff, 0xa3, 0xff, 0xff, 0xf6,
    0x6, 0xdf, 0xe8, 0x0,

    /* U+003B ";" */
    0x0, 0x6d, 0xfe, 0x80, 0x0, 0x3f, 0xff, 0xff,
    0x70, 0x7, 0xff, 0xff, 0xfa, 0x0, 0x6f, 0xff,
    0xff, 0xa0, 0x2, 0xff, 0xff, 0xf5, 0x0, 0x4,
    0xbd, 0xc6, 0x0, 0x0, 0x0, 0x0, 0x0, 0x0,
    0x0, 0x0, 0x0, 0x0, 0x0, 0x0, 0x0, 0x0,
    0x0, 0x0, 0x0, 0x0, 0x0, 0x0, 0x0, 0x0,
    0x0, 0x0, 0x0, 0x0, 0x0, 0x0, 0x0, 0x8f,
    0xff, 0xfd, 0x0, 0xb, 0xff, 0xff, 0x60, 0x0,
    0xef, 0xff, 0xf0, 0x0, 0x1f, 0xff, 0xf9, 0x0,
    0x4, 0xff, 0xff, 0x20, 0x0, 0x6f, 0xff, 0xb0,
    0x0, 0x9, 0xff, 0xf5, 0x0, 0x0, 0xcf, 0xfe,
    0x0, 0x0, 0xf, 0xff, 0x70, 0x0, 0x2, 0xff,
    0xf1, 0x0, 0x0,

    /* U+003C "<" */
    0x0, 0x0, 0x0, 0x0, 0x0, 0x0, 0x0, 0x10,
    0x0, 0x0, 0x0, 0x0, 0x0, 0x4, 0xc7, 0x0,
    0x0, 0x0, 0x0, 0x0, 0x2b, 0xff, 0x70, 0x0,
    0x0, 0x0, 0x1, 0x9f, 0xff, 0xf7, 0x0, 0x0,
    0x0, 0x7, 0xff, 0xff, 0xff, 0x50, 0x0, 0x0,
    0x6e, 0xff, 0xff, 0xfa, 0x20, 0x0, 0x4, 0xdf,
    0xff, 0xff, 0xb3, 0x0, 0x0, 0x3b, 0xff, 0xff,
    0xfd, 0x40, 0x0, 0x0, 0x3f, 0xff, 0xff, 0xe6,
    0x0, 0x0, 0x0, 0x4, 0xff, 0xff, 0x70, 0x0,
    0x0, 0x0, 0x0, 0x4f, 0xff, 0xb2, 0x0, 0x0,
    0x0, 0x0, 0x4, 0xff, 0xff, 0xf9, 0x10, 0x0,
    0x0, 0x0, 0x8, 0xff, 0xff, 0xff, 0x70, 0x0,
    0x0, 0x0, 0x1, 0xaf, 0xff, 0xff, 0xe6, 0x0,
    0x0, 0x0, 0x0, 0x3b, 0xff, 0xff, 0xfd, 0x40,
    0x0, 0x0, 0x0, 0x4, 0xdf, 0xff, 0xff, 0xc2,
    0x0, 0x0, 0x0, 0x0, 0x6e, 0xff, 0xff, 0x70,
    0x0, 0x0, 0x0, 0x0, 0x8, 0xff, 0xf7, 0x0,
    0x0, 0x0, 0x0, 0x0, 0x1, 0x9f, 0x70, 0x0,
    0x0, 0x0, 0x0, 0x0, 0x0, 0x24,

    /* U+003D "=" */
    0x5, 0x55, 0x55, 0x55, 0x55, 0x55, 0x55, 0x55,
    0x10, 0xff, 0xff, 0xff, 0xff, 0xff, 0xff, 0xff,
    0xf3, 0xf, 0xff, 0xff, 0xff, 0xff, 0xff, 0xff,
    0xff, 0x30, 0xff, 0xff, 0xff, 0xff, 0xff, 0xff,
    0xff, 0xf3, 0x0, 0x0, 0x0, 0x0, 0x0, 0x0,
    0x0, 0x0, 0x0, 0x0, 0x0, 0x0, 0x0, 0x0,
    0x0, 0x0, 0x0, 0x0, 0x0, 0x0, 0x0, 0x0,
    0x0, 0x0, 0x0, 0x0, 0x55, 0x55, 0x55, 0x55,
    0x55, 0x55, 0x55, 0x51, 0xf, 0xff, 0xff, 0xff,
    0xff, 0xff, 0xff, 0xff, 0x30, 0xff, 0xff, 0xff,
    0xff, 0xff, 0xff, 0xff, 0xf3, 0xf, 0xff, 0xff,
    0xff, 0xff, 0xff, 0xff, 0xff, 0x30,

    /* U+003E ">" */
    0x10, 0x0, 0x0, 0x0, 0x0, 0x0, 0x0, 0x4,
    0xe5, 0x0, 0x0, 0x0, 0x0, 0x0, 0x0, 0x4f,
    0xfc, 0x40, 0x0, 0x0, 0x0, 0x0, 0x4, 0xff,
    0xff, 0xb2, 0x0, 0x0, 0x0, 0x0, 0x2e, 0xff,
    0xff, 0xf9, 0x10, 0x0, 0x0, 0x0, 0x18, 0xff,
    0xff, 0xff, 0x80, 0x0, 0x0, 0x0, 0x1, 0xaf,
    0xff, 0xff, 0xe6, 0x0, 0x0, 0x0, 0x0, 0x3b,
    0xff, 0xff, 0xfd, 0x40, 0x0, 0x0, 0x0, 0x4,
    0xcf, 0xff, 0xff, 0x60, 0x0, 0x0, 0x0, 0x0,
    0x5e, 0xff, 0xf7, 0x0, 0x0, 0x0, 0x0, 0x1,
    0x9f, 0xff, 0x70, 0x0, 0x0, 0x0, 0x7, 0xef,
    0xff, 0xf7, 0x0, 0x0, 0x0, 0x5e, 0xff, 0xff,
    0xfa, 0x10, 0x0, 0x4, 0xcf, 0xff, 0xff, 0xc3,
    0x0, 0x0, 0x3b, 0xff, 0xff, 0xfd, 0x40, 0x0,
    0x1, 0xaf, 0xff, 0xff, 0xe6, 0x0, 0x0, 0x0,
    0x4f, 0xff, 0xff, 0x80, 0x0, 0x0, 0x0, 0x4,
    0xff, 0xf9, 0x10, 0x0, 0x0, 0x0, 0x0, 0x4f,
    0xb2, 0x0, 0x0, 0x0, 0x0, 0x0, 0x2, 0x40,
    0x0, 0x0, 0x0, 0x0, 0x0, 0x0,

    /* U+003F "?" */
    0x0, 0x2, 0x8c, 0xff, 0xec, 0x82, 0x0, 0x0,
    0x8, 0xff, 0xff, 0xff, 0xff, 0xf8, 0x0, 0x9,
    0xff, 0xff, 0xff, 0xff, 0xff, 0xf9, 0x4, 0xff,
    0xff, 0xea, 0x9b, 0xff, 0xff, 0xf3, 0xbf, 0xff,
    0x80, 0x0, 0x3, 0xff, 0xff, 0x80, 0x49, 0xb0,
    0x0, 0x0, 0xb, 0xff, 0xfa, 0x0, 0x0, 0x0,
    0x0, 0x0, 0xbf, 0xff, 0x90, 0x0, 0x0, 0x0,
    0x0, 0x2f, 0xff, 0xf5, 0x0, 0x0, 0x0, 0x13,
    0x8e, 0xff, 0xfd, 0x0, 0x0, 0x0, 0xff, 0xff,
    0xff, 0xfd, 0x20, 0x0, 0x0, 0x1f, 0xff, 0xff,
    0xf9, 0x10, 0x0, 0x0, 0x1, 0xff, 0xfe, 0x40,
    0x0, 0x0, 0x0, 0x0, 0x1f, 0xff, 0xd0, 0x0,
    0x0, 0x0, 0x0, 0x1, 0xff, 0xfd, 0x0, 0x0,
    0x0, 0x0, 0x0, 0x0, 0x0, 0x0, 0x0, 0x0,
    0x0, 0x0, 0x0, 0x0, 0x0, 0x0, 0x0, 0x0,
    0x0, 0x0, 0x4, 0x77, 0x40, 0x0, 0x0, 0x0,
    0x0, 0x7, 0xff, 0xff, 0x70, 0x0, 0x0, 0x0,
    0x0, 0xdf, 0xff, 0xfd, 0x0, 0x0, 0x0, 0x0,
    0xe, 0xff, 0xff, 0xe0, 0x0, 0x0, 0x0, 0x0,
    0xbf, 0xff, 0xfb, 0x0, 0x0, 0x0, 0x0, 0x2,
    0xbf, 0xfb, 0x20, 0x0, 0x0,

    /* U+0040 "@" */
    0x0, 0x0, 0x17, 0xce, 0xfe, 0xd9, 0x30, 0x0,
    0x0, 0x0, 0x5e, 0xff, 0xff, 0xff, 0xff, 0xa0,
    0x0, 0x0, 0x4f, 0xff, 0xfe, 0xcd, 0xff, 0xff,
    0xc0, 0x0, 0xd, 0xff, 0xd3, 0x0, 0x0, 0x5d,
    0xff, 0x80, 0x6, 0xff, 0xe1, 0x0, 0x0, 0x0,
    0x2f, 0xfe, 0x0, 0xbf, 0xf7, 0x0, 0x9, 0xef,
    0xa1, 0xbf, 0xf3, 0xf, 0xff, 0x20, 0xb, 0xff,
    0xff, 0xba, 0xff, 0x53, 0xff, 0xe0, 0x4, 0xff,
    0xfb, 0x8d, 0xef, 0xf6, 0x5f, 0xfc, 0x0, 0x9f,
    0xfa, 0x0, 0xe, 0xff, 0x77, 0xff, 0xb0, 0xc,
    0xff, 0x50, 0x0, 0xaf, 0xf7, 0x8f, 0xfa, 0x0,
    0xef, 0xf3, 0x0, 0xa, 0xff, 0x78, 0xff, 0xa0,
    0xf, 0xff, 0x30, 0x0, 0xaf, 0xf7, 0x8f, 0xfa,
    0x0, 0xff, 0xf3, 0x0, 0xa, 0xff, 0x78, 0xff,
    0xa0, 0xe, 0xff, 0x30, 0x0, 0xaf, 0xf7, 0x7f,
    0xfa, 0x0, 0xcf, 0xf5, 0x0, 0xa, 0xff, 0x76,
    0xff, 0xb0, 0x9, 0xff, 0xa0, 0x0, 0xef, 0xf7,
    0x4f, 0xfc, 0x0, 0x4f, 0xff, 0xb8, 0xde, 0xff,
    0x71, 0xff, 0xe0, 0x0, 0xbf, 0xff, 0xfb, 0xaf,
    0xf7, 0xe, 0xff, 0x30, 0x0, 0x9e, 0xfa, 0x16,
    0xaa, 0x40, 0x9f, 0xfa, 0x0, 0x0, 0x0, 0x0,
    0x0, 0x0, 0x3, 0xff, 0xf5, 0x0, 0x0, 0x0,
    0x0, 0x0, 0x0, 0xa, 0xff, 0xf9, 0x20, 0x0,
    0x0, 0x0, 0x0, 0x0, 0x1d, 0xff, 0xff, 0xec,
    0xcc, 0xc4, 0x0, 0x0, 0x0, 0x1a, 0xff, 0xff,
    0xff, 0xff, 0x60, 0x0, 0x0, 0x0, 0x3, 0x8c,
    0xef, 0xff, 0xf6, 0x0, 0x0,

    /* U+0041 "A" */
    0x0, 0x0, 0x0, 0x7f, 0xff, 0xff, 0xa0, 0x0,
    0x0, 0x0, 0x0, 0x0, 0xb, 0xff, 0xff, 0xfe,
    0x0, 0x0, 0x0, 0x0, 0x0, 0x0, 0xff, 0xff,
    0xff, 0xf3, 0x0, 0x0, 0x0, 0x0, 0x0, 0x4f,
    0xff, 0xff, 0xff, 0x80, 0x0, 0x0, 0x0, 0x0,
    0x9, 0xff, 0xf6, 0xff, 0xfc, 0x0, 0x0, 0x0,
    0x0, 0x0, 0xef, 0xfe, 0xe, 0xff, 0xf1, 0x0,
    0x0, 0x0, 0x0, 0x2f, 0xff, 0xa0, 0xaf, 0xff,
    0x50, 0x0, 0x0, 0x0, 0x7, 0xff, 0xf6, 0x6,
    0xff, 0xfa, 0x0, 0x0, 0x0, 0x0, 0xbf, 0xff,
    0x10, 0x1f, 0xff, 0xe0, 0x0, 0x0, 0x0, 0xf,
    0xff, 0xd0, 0x0, 0xdf, 0xff, 0x30, 0x0, 0x0,
    0x4, 0xff, 0xf9, 0x0, 0x9, 0xff, 0xf8, 0x0,
    0x0, 0x0, 0x9f, 0xff, 0x40, 0x0, 0x4f, 0xff,
    0xc0, 0x0, 0x0, 0xd, 0xff, 0xf0, 0x0, 0x0,
    0xff, 0xff, 0x10, 0x0, 0x2, 0xff, 0xff, 0xff,
    0xff, 0xff, 0xff, 0xf6, 0x0, 0x0, 0x7f, 0xff,
    0xff, 0xff, 0xff, 0xff, 0xff, 0xa0, 0x0, 0xb,
    0xff, 0xff, 0xff, 0xff, 0xff, 0xff, 0xfe, 0x0,
    0x0, 0xff, 0xff, 0x77, 0x77, 0x77, 0x8f, 0xff,
    0xf3, 0x0, 0x4f, 0xff, 0xe0, 0x0, 0x0, 0x0,
    0xef, 0xff, 0x80, 0x9, 0xff, 0xf9, 0x0, 0x0,
    0x0, 0x9, 0xff, 0xfc, 0x0, 0xdf, 0xff, 0x50,
    0x0, 0x0, 0x0, 0x5f, 0xff, 0xf1, 0x2f, 0xff,
    0xf1, 0x0, 0x0, 0x0, 0x1, 0xff, 0xff, 0x67,
    0xff, 0xfc, 0x0, 0x0, 0x0, 0x0, 0xc, 0xff,
    0xfa,

    /* U+0042 "B" */
    0x7f, 0xff, 0xff, 0xff, 0xfe, 0xc7, 0x10, 0x0,
    0x7f, 0xff, 0xff, 0xff, 0xff, 0xff, 0xe3, 0x0,
    0x7f, 0xff, 0xff, 0xff, 0xff, 0xff, 0xfe, 0x10,
    0x7f, 0xff, 0xa1, 0x11, 0x28, 0xff, 0xff, 0x80,
    0x7f, 0xff, 0xa0, 0x0, 0x0, 0x9f, 0xff, 0xc0,
    0x7f, 0xff, 0xa0, 0x0, 0x0, 0x6f, 0xff, 0xe0,
    0x7f, 0xff, 0xa0, 0x0, 0x0, 0x6f, 0xff, 0xc0,
    0x7f, 0xff, 0xa0, 0x0, 0x0, 0x8f, 0xff, 0x80,
    0x7f, 0xff, 0xa0, 0x0, 0x6, 0xff, 0xfe, 0x10,
    0x7f, 0xff, 0xff, 0xff, 0xff, 0xff, 0xa1, 0x0,
    0x7f, 0xff, 0xff, 0xff, 0xff, 0xfb, 0x30, 0x0,
    0x7f, 0xff, 0xff, 0xff, 0xff, 0xff, 0xfb, 0x0,
    0x7f, 0xff, 0xa0, 0x0, 0x13, 0xbf, 0xff, 0xc0,
    0x7f, 0xff, 0xa0, 0x0, 0x0, 0xe, 0xff, 0xf4,
    0x7f, 0xff, 0xa0, 0x0, 0x0, 0xb, 0xff, 0xf8,
    0x7f, 0xff, 0xa0, 0x0, 0x0, 0xa, 0xff, 0xfa,
    0x7f, 0xff, 0xa0, 0x0, 0x0, 0xb, 0xff, 0xf9,
    0x7f, 0xff, 0xa0, 0x0, 0x0, 0x1e, 0xff, 0xf6,
    0x7f, 0xff, 0xa1, 0x11, 0x24, 0xcf, 0xff, 0xf1,
    0x7f, 0xff, 0xff, 0xff, 0xff, 0xff, 0xff, 0x70,
    0x7f, 0xff, 0xff, 0xff, 0xff, 0xff, 0xf8, 0x0,
    0x7f, 0xff, 0xff, 0xff, 0xff, 0xea, 0x30, 0x0,

    /* U+0043 "C" */
    0x0, 0x0, 0x4, 0xad, 0xff, 0xeb, 0x60, 0x0,
    0x0, 0x0, 0x1c, 0xff, 0xff, 0xff, 0xff, 0xd3,
    0x0, 0x0, 0x1d, 0xff, 0xff, 0xff, 0xff, 0xff,
    0xf2, 0x0, 0xa, 0xff, 0xff, 0xb7, 0x7a, 0xff,
    0xff, 0xc0, 0x3, 0xff, 0xff, 0x60, 0x0, 0x4,
    0xff, 0xff, 0x40, 0x9f, 0xff, 0xb0, 0x0, 0x0,
    0x9, 0xff, 0xf9, 0xe, 0xff, 0xf6, 0x0, 0x0,
    0x0, 0x2a, 0x62, 0x1, 0xff, 0xff, 0x20, 0x0,
    0x0, 0x0, 0x0, 0x0, 0x4f, 0xff, 0xf1, 0x0,
    0x0, 0x0, 0x0, 0x0, 0x5, 0xff, 0xff, 0x0,
    0x0, 0x0, 0x0, 0x0, 0x0, 0x6f, 0xff, 0xf0,
    0x0, 0x0, 0x0, 0x0, 0x0, 0x6, 0xff, 0xff,
    0x0, 0x0, 0x0, 0x0, 0x0, 0x0, 0x5f, 0xff,
    0xf0, 0x0, 0x0, 0x0, 0x0, 0x0, 0x4, 0xff,
    0xff, 0x10, 0x0, 0x0, 0x0, 0x0, 0x0, 0x1f,
    0xff, 0xf2, 0x0, 0x0, 0x0, 0x0, 0x0, 0x0,
    0xef, 0xff, 0x60, 0x0, 0x0, 0x2, 0xb6, 0x20,
    0x9, 0xff, 0xfb, 0x0, 0x0, 0x0, 0x9f, 0xff,
    0x90, 0x3f, 0xff, 0xf6, 0x0, 0x0, 0x4f, 0xff,
    0xf3, 0x0, 0xaf, 0xff, 0xfc, 0x87, 0xbf, 0xff,
    0xfc, 0x0, 0x1, 0xdf, 0xff, 0xff, 0xff, 0xff,
    0xff, 0x20, 0x0, 0x2, 0xcf, 0xff, 0xff, 0xff,
    0xfd, 0x30, 0x0, 0x0, 0x0, 0x4a, 0xdf, 0xfe,
    0xb6, 0x0, 0x0,

    /* U+0044 "D" */
    0xaf, 0xff, 0xff, 0xff, 0xec, 0x71, 0x0, 0x0,
    0xaf, 0xff, 0xff, 0xff, 0xff, 0xff, 0x60, 0x0,
    0xaf, 0xff, 0xff, 0xff, 0xff, 0xff, 0xf6, 0x0,
    0xaf, 0xff, 0xa6, 0x67, 0x9f, 0xff, 0xff, 0x20,
    0xaf, 0xff, 0x70, 0x0, 0x1, 0xdf, 0xff, 0xb0,
    0xaf, 0xff, 0x70, 0x0, 0x0, 0x3f, 0xff, 0xf1,
    0xaf, 0xff, 0x70, 0x0, 0x0, 0xd, 0xff, 0xf6,
    0xaf, 0xff, 0x70, 0x0, 0x0, 0xa, 0xff, 0xf9,
    0xaf, 0xff, 0x70, 0x0, 0x0, 0x8, 0xff, 0xfb,
    0xaf, 0xff, 0x70, 0x0, 0x0, 0x8, 0xff, 0xfc,
    0xaf, 0xff, 0x70, 0x0, 0x0, 0x8, 0xff, 0xfd,
    0xaf, 0xff, 0x70, 0x0, 0x0, 0x8, 0xff, 0xfd,
    0xaf, 0xff, 0x70, 0x0, 0x0, 0x8, 0xff, 0xfc,
    0xaf, 0xff, 0x70, 0x0, 0x0, 0x8, 0xff, 0xfb,
    0xaf, 0xff, 0x70, 0x0, 0x0, 0xa, 0xff, 0xf9,
    0xaf, 0xff, 0x70, 0x0, 0x0, 0xd, 0xff, 0xf6,
    0xaf, 0xff, 0x70, 0x0, 0x0, 0x3f, 0xff, 0xf1,
    0xaf, 0xff, 0x70, 0x0, 0x1, 0xdf, 0xff, 0xb0,
    0xaf, 0xff, 0xa6, 0x66, 0x9f, 0xff, 0xff, 0x20,
    0xaf, 0xff, 0xff, 0xff, 0xff, 0xff, 0xf7, 0x0,
    0xaf, 0xff, 0xff, 0xff, 0xff, 0xff, 0x60, 0x0,
    0xaf, 0xff, 0xff, 0xff, 0xec, 0x71, 0x0, 0x0,

    /* U+0045 "E" */
    0x5f, 0xff, 0xff, 0xff, 0xff, 0xff, 0xff, 0xc5,
    0xff, 0xff, 0xff, 0xff, 0xff, 0xff, 0xfc, 0x5f,
    0xff, 0xff, 0xff, 0xff, 0xff, 0xff, 0xc5, 0xff,
    0xfe, 0x77, 0x77, 0x77, 0x77, 0x75, 0x5f, 0xff,
    0xd0, 0x0, 0x0, 0x0, 0x0, 0x5, 0xff, 0xfd,
    0x0, 0x0, 0x0, 0x0, 0x0, 0x5f, 0xff, 0xd0,
    0x0, 0x0, 0x0, 0x0, 0x5, 0xff, 0xfd, 0x0,
    0x0, 0x0, 0x0, 0x0, 0x5f, 0xff, 0xd0, 0x0,
    0x0, 0x0, 0x0, 0x5, 0xff, 0xff, 0xff, 0xff,
    0xff, 0xff, 0xf6, 0x5f, 0xff, 0xff, 0xff, 0xff,
    0xff, 0xff, 0x65, 0xff, 0xff, 0xff, 0xff, 0xff,
    0xff, 0xf6, 0x5f, 0xff, 0xe7, 0x77, 0x77, 0x77,
    0x77, 0x35, 0xff, 0xfd, 0x0, 0x0, 0x0, 0x0,
    0x0, 0x5f, 0xff, 0xd0, 0x0, 0x0, 0x0, 0x0,
    0x5, 0xff, 0xfd, 0x0, 0x0, 0x0, 0x0, 0x0,
    0x5f, 0xff, 0xd0, 0x0, 0x0, 0x0, 0x0, 0x5,
    0xff, 0xfd, 0x0, 0x0, 0x0, 0x0, 0x0, 0x5f,
    0xff, 0xe7, 0x77, 0x77, 0x77, 0x77, 0x55, 0xff,
    0xff, 0xff, 0xff, 0xff, 0xff, 0xfc, 0x5f, 0xff,
    0xff, 0xff, 0xff, 0xff, 0xff, 0xc5, 0xff, 0xff,
    0xff, 0xff, 0xff, 0xff, 0xfc,

    /* U+0046 "F" */
    0x5f, 0xff, 0xff, 0xff, 0xff, 0xff, 0xff, 0xf4,
    0x5f, 0xff, 0xff, 0xff, 0xff, 0xff, 0xff, 0xf4,
    0x5f, 0xff, 0xff, 0xff, 0xff, 0xff, 0xff, 0xf4,
    0x5f, 0xff, 0xe7, 0x77, 0x77, 0x77, 0x77, 0x71,
    0x5f, 0xff, 0xd0, 0x0, 0x0, 0x0, 0x0, 0x0,
    0x5f, 0xff, 0xd0, 0x0, 0x0, 0x0, 0x0, 0x0,
    0x5f, 0xff, 0xd0, 0x0, 0x0, 0x0, 0x0, 0x0,
    0x5f, 0xff, 0xd0, 0x0, 0x0, 0x0, 0x0, 0x0,
    0x5f, 0xff, 0xd0, 0x0, 0x0, 0x0, 0x0, 0x0,
    0x5f, 0xff, 0xff, 0xff, 0xff, 0xff, 0xff, 0x30,
    0x5f, 0xff, 0xff, 0xff, 0xff, 0xff, 0xff, 0x30,
    0x5f, 0xff, 0xff, 0xff, 0xff, 0xff, 0xff, 0x30,
    0x5f, 0xff, 0xe7, 0x77, 0x77, 0x77, 0x77, 0x10,
    0x5f, 0xff, 0xd0, 0x0, 0x0, 0x0, 0x0, 0x0,
    0x5f, 0xff, 0xd0, 0x0, 0x0, 0x0, 0x0, 0x0,
    0x5f, 0xff, 0xd0, 0x0, 0x0, 0x0, 0x0, 0x0,
    0x5f, 0xff, 0xd0, 0x0, 0x0, 0x0, 0x0, 0x0,
    0x5f, 0xff, 0xd0, 0x0, 0x0, 0x0, 0x0, 0x0,
    0x5f, 0xff, 0xd0, 0x0, 0x0, 0x0, 0x0, 0x0,
    0x5f, 0xff, 0xd0, 0x0, 0x0, 0x0, 0x0, 0x0,
    0x5f, 0xff, 0xd0, 0x0, 0x0, 0x0, 0x0, 0x0,
    0x5f, 0xff, 0xd0, 0x0, 0x0, 0x0, 0x0, 0x0,

    /* U+0047 "G" */
    0x0, 0x0, 0x17, 0xce, 0xff, 0xd9, 0x30, 0x0,
    0x0, 0x0, 0x5e, 0xff, 0xff, 0xff, 0xff, 0x90,
    0x0, 0x0, 0x5f, 0xff, 0xff, 0xff, 0xff, 0xff,
    0xa0, 0x0, 0x1e, 0xff, 0xff, 0x97, 0x8e, 0xff,
    0xff, 0x40, 0x8, 0xff, 0xfe, 0x20, 0x0, 0xc,
    0xff, 0xfb, 0x0, 0xef, 0xff, 0x60, 0x0, 0x0,
    0x1f, 0xff, 0xc0, 0x3f, 0xff, 0xf1, 0x0, 0x0,
    0x0, 0x54, 0x0, 0x6, 0xff, 0xfe, 0x0, 0x0,
    0x0, 0x0, 0x0, 0x0, 0x8f, 0xff, 0xc0, 0x0,
    0x0, 0x0, 0x0, 0x0, 0x9, 0xff, 0xfc, 0x0,
    0x0, 0x0, 0x0, 0x0, 0x0, 0xaf, 0xff, 0xc0,
    0x0, 0x9f, 0xff, 0xff, 0xff, 0x3a, 0xff, 0xfc,
    0x0, 0x9, 0xff, 0xff, 0xff, 0xf3, 0xaf, 0xff,
    0xc0, 0x0, 0x9f, 0xff, 0xff, 0xff, 0x39, 0xff,
    0xfd, 0x0, 0x0, 0x0, 0x8, 0xff, 0xf3, 0x7f,
    0xff, 0xe0, 0x0, 0x0, 0x0, 0x8f, 0xff, 0x34,
    0xff, 0xff, 0x10, 0x0, 0x0, 0xa, 0xff, 0xf3,
    0xf, 0xff, 0xf7, 0x0, 0x0, 0x0, 0xdf, 0xff,
    0x30, 0xbf, 0xff, 0xf3, 0x0, 0x0, 0x8f, 0xff,
    0xf3, 0x4, 0xff, 0xff, 0xfa, 0x77, 0xcf, 0xcf,
    0xff, 0x30, 0xa, 0xff, 0xff, 0xff, 0xff, 0xa8,
    0xff, 0xf3, 0x0, 0xb, 0xff, 0xff, 0xff, 0xd0,
    0x8f, 0xff, 0x30, 0x0, 0x6, 0xce, 0xfd, 0x70,
    0x8, 0xff, 0xf3,

    /* U+0048 "H" */
    0xdf, 0xff, 0x50, 0x0, 0x0, 0x2f, 0xff, 0xf1,
    0xdf, 0xff, 0x50, 0x0, 0x0, 0x2f, 0xff, 0xf1,
    0xdf, 0xff, 0x50, 0x0, 0x0, 0x2f, 0xff, 0xf1,
    0xdf, 0xff, 0x50, 0x0, 0x0, 0x2f, 0xff, 0xf1,
    0xdf, 0xff, 0x50, 0x0, 0x0, 0x2f, 0xff, 0xf1,
    0xdf, 0xff, 0x50, 0x0, 0x0, 0x2f, 0xff, 0xf1,
    0xdf, 0xff, 0x50, 0x0, 0x0, 0x2f, 0xff, 0xf1,
    0xdf, 0xff, 0x50, 0x0, 0x0, 0x2f, 0xff, 0xf1,
    0xdf, 0xff, 0x50, 0x0, 0x0, 0x2f, 0xff, 0xf1,
    0xdf, 0xff, 0xff, 0xff, 0xff, 0xff, 0xff, 0xf1,
    0xdf, 0xff, 0xff, 0xff, 0xff, 0xff, 0xff, 0xf1,
    0xdf, 0xff, 0xff, 0xff, 0xff, 0xff, 0xff, 0xf1,
    0xdf, 0xff, 0xa7, 0x77, 0x77, 0x8f, 0xff, 0xf1,
    0xdf, 0xff, 0x50, 0x0, 0x0, 0x2f, 0xff, 0xf1,
    0xdf, 0xff, 0x50, 0x0, 0x0, 0x2f, 0xff, 0xf1,
    0xdf, 0xff, 0x50, 0x0, 0x0, 0x2f, 0xff, 0xf1,
    0xdf, 0xff, 0x50, 0x0, 0x0, 0x2f, 0xff, 0xf1,
    0xdf, 0xff, 0x50, 0x0, 0x0, 0x2f, 0xff, 0xf1,
    0xdf, 0xff, 0x50, 0x0, 0x0, 0x2f, 0xff, 0xf1,
    0xdf, 0xff, 0x50, 0x0, 0x0, 0x2f, 0xff, 0xf1,
    0xdf, 0xff, 0x50, 0x0, 0x0, 0x2f, 0xff, 0xf1,
    0xdf, 0xff, 0x50, 0x0, 0x0, 0x2f, 0xff, 0xf1,

    /* U+0049 "I" */
    0x8f, 0xff, 0xff, 0xff, 0xff, 0xff, 0xff, 0xb8,
    0xff, 0xff, 0xff, 0xff, 0xff, 0xff, 0xfb, 0x8f,
    0xff, 0xff, 0xff, 0xff, 0xff, 0xff, 0xb1, 0x22,
    0x22, 0x9f, 0xff, 0xb2, 0x22, 0x21, 0x0, 0x0,
    0x7, 0xff, 0xfb, 0x0, 0x0, 0x0, 0x0, 0x0,
    0x7f, 0xff, 0xb0, 0x0, 0x0, 0x0, 0x0, 0x7,
    0xff, 0xfb, 0x0, 0x0, 0x0, 0x0, 0x0, 0x7f,
    0xff, 0xb0, 0x0, 0x0, 0x0, 0x0, 0x7, 0xff,
    0xfb, 0x0, 0x0, 0x0, 0x0, 0x0, 0x7f, 0xff,
    0xb0, 0x0, 0x0, 0x0, 0x0, 0x7, 0xff, 0xfb,
    0x0, 0x0, 0x0, 0x0, 0x0, 0x7f, 0xff, 0xb0,
    0x0, 0x0, 0x0, 0x0, 0x7, 0xff, 0xfb, 0x0,
    0x0, 0x0, 0x0, 0x0, 0x7f, 0xff, 0xb0, 0x0,
    0x0, 0x0, 0x0, 0x7, 0xff, 0xfb, 0x0, 0x0,
    0x0, 0x0, 0x0, 0x7f, 0xff, 0xb0, 0x0, 0x0,
    0x0, 0x0, 0x7, 0xff, 0xfb, 0x0, 0x0, 0x0,
    0x0, 0x0, 0x7f, 0xff, 0xb0, 0x0, 0x0, 0x12,
    0x22, 0x29, 0xff, 0xfb, 0x22, 0x22, 0x18, 0xff,
    0xff, 0xff, 0xff, 0xff, 0xff, 0xfb, 0x8f, 0xff,
    0xff, 0xff, 0xff, 0xff, 0xff, 0xb8, 0xff, 0xff,
    0xff, 0xff, 0xff, 0xff, 0xfb,

    /* U+004A "J" */
    0x0, 0xb, 0xff, 0xff, 0xff, 0xff, 0xff, 0xf1,
    0x0, 0xb, 0xff, 0xff, 0xff, 0xff, 0xff, 0xf1,
    0x0, 0xb, 0xff, 0xff, 0xff, 0xff, 0xff, 0xf1,
    0x0, 0x5, 0x77, 0x77, 0x77, 0x9f, 0xff, 0xf1,
    0x0, 0x0, 0x0, 0x0, 0x0, 0x2f, 0xff, 0xf1,
    0x0, 0x0, 0x0, 0x0, 0x0, 0x2f, 0xff, 0xf1,
    0x0, 0x0, 0x0, 0x0, 0x0, 0x2f, 0xff, 0xf1,
    0x0, 0x0, 0x0, 0x0, 0x0, 0x2f, 0xff, 0xf1,
    0x0, 0x0, 0x0, 0x0, 0x0, 0x2f, 0xff, 0xf1,
    0x0, 0x0, 0x0, 0x0, 0x0, 0x2f, 0xff, 0xf1,
    0x0, 0x0, 0x0, 0x0, 0x0, 0x2f, 0xff, 0xf1,
    0x0, 0x0, 0x0, 0x0, 0x0, 0x2f, 0xff, 0xf1,
    0x0, 0x0, 0x0, 0x0, 0x0, 0x2f, 0xff, 0xf1,
    0x0, 0x0, 0x0, 0x0, 0x0, 0x2f, 0xff, 0xf1,
    0x0, 0x0, 0x0, 0x0, 0x0, 0x2f, 0xff, 0xf1,
    0x0, 0x25, 0x40, 0x0, 0x0, 0x3f, 0xff, 0xf0,
    0x4f, 0xff, 0xd0, 0x0, 0x0, 0x5f, 0xff, 0xf0,
    0x1f, 0xff, 0xf7, 0x0, 0x0, 0xcf, 0xff, 0xc0,
    0x9, 0xff, 0xff, 0xc8, 0x9e, 0xff, 0xff, 0x60,
    0x1, 0xef, 0xff, 0xff, 0xff, 0xff, 0xfc, 0x0,
    0x0, 0x2d, 0xff, 0xff, 0xff, 0xff, 0xb1, 0x0,
    0x0, 0x0, 0x6b, 0xef, 0xfd, 0x94, 0x0, 0x0,

    /* U+004B "K" */
    0xaf, 0xff, 0x80, 0x0, 0x0, 0x5, 0xff, 0xff,
    0x50, 0xaf, 0xff, 0x80, 0x0, 0x0, 0x2f, 0xff,
    0xf9, 0x0, 0xaf, 0xff, 0x80, 0x0, 0x0, 0xdf,
    0xff, 0xd0, 0x0, 0xaf, 0xff, 0x80, 0x0, 0xa,
    0xff, 0xff, 0x20, 0x0, 0xaf, 0xff, 0x80, 0x0,
    0x6f, 0xff, 0xf5, 0x0, 0x0, 0xaf, 0xff, 0x80,
    0x2, 0xff, 0xff, 0x90, 0x0, 0x0, 0xaf, 0xff,
    0x80, 0xd, 0xff, 0xfc, 0x0, 0x0, 0x0, 0xaf,
    0xff, 0x80, 0x9f, 0xff, 0xf2, 0x0, 0x0, 0x0,
    0xaf, 0xff, 0x84, 0xff, 0xff, 0x50, 0x0, 0x0,
    0x0, 0xaf, 0xff, 0xae, 0xff, 0xfe, 0x0, 0x0,
    0x0, 0x0, 0xaf, 0xff, 0xff, 0xff, 0xff, 0x70,
    0x0, 0x0, 0x0, 0xaf, 0xff, 0xff, 0xff, 0xff,
    0xf1, 0x0, 0x0, 0x0, 0xaf, 0xff, 0xff, 0xbf,
    0xff, 0xf9, 0x0, 0x0, 0x0, 0xaf, 0xff, 0xfd,
    0x17, 0xff, 0xff, 0x30, 0x0, 0x0, 0xaf, 0xff,
    0xf3, 0x0, 0xdf, 0xff, 0xc0, 0x0, 0x0, 0xaf,
    0xff, 0x90, 0x0, 0x5f, 0xff, 0xf5, 0x0, 0x0,
    0xaf, 0xff, 0x80, 0x0, 0xc, 0xff, 0xfe, 0x0,
    0x0, 0xaf, 0xff, 0x80, 0x0, 0x3, 0xff, 0xff,
    0x70, 0x0, 0xaf, 0xff, 0x80, 0x0, 0x0, 0xaf,
    0xff, 0xf1, 0x0, 0xaf, 0xff, 0x80, 0x0, 0x0,
    0x1f, 0xff, 0xfa, 0x0, 0xaf, 0xff, 0x80, 0x0,
    0x0, 0x8, 0xff, 0xff, 0x30, 0xaf, 0xff, 0x80,
    0x0, 0x0, 0x0, 0xef, 0xff, 0xc0,

    /* U+004C "L" */
    0xcf, 0xff, 0x60, 0x0, 0x0, 0x0, 0x0, 0xc,
    0xff, 0xf6, 0x0, 0x0, 0x0, 0x0, 0x0, 0xcf,
    0xff, 0x60, 0x0, 0x0, 0x0, 0x0, 0xc, 0xff,
    0xf6, 0x0, 0x0, 0x0, 0x0, 0x0, 0xcf, 0xff,
    0x60, 0x0, 0x0, 0x0, 0x0, 0xc, 0xff, 0xf6,
    0x0, 0x0, 0x0, 0x0, 0x0, 0xcf, 0xff, 0x60,
    0x0, 0x0, 0x0, 0x0, 0xc, 0xff, 0xf6, 0x0,
    0x0, 0x0, 0x0, 0x0, 0xcf, 0xff, 0x60, 0x0,
    0x0, 0x0, 0x0, 0xc, 0xff, 0xf6, 0x0, 0x0,
    0x0, 0x0, 0x0, 0xcf, 0xff, 0x60, 0x0, 0x0,
    0x0, 0x0, 0xc, 0xff, 0xf6, 0x0, 0x0, 0x0,
    0x0, 0x0, 0xcf, 0xff, 0x60, 0x0, 0x0, 0x0,
    0x0, 0xc, 0xff, 0xf6, 0x0, 0x0, 0x0, 0x0,
    0x0, 0xcf, 0xff, 0x60, 0x0, 0x0, 0x0, 0x0,
    0xc, 0xff, 0xf6, 0x0, 0x0, 0x0, 0x0, 0x0,
    0xcf, 0xff, 0x60, 0x0, 0x0, 0x0, 0x0, 0xc,
    0xff, 0xf6, 0x0, 0x0, 0x0, 0x0, 0x0, 0xcf,
    0xff, 0xa7, 0x77, 0x77, 0x77, 0x77, 0x2c, 0xff,
    0xff, 0xff, 0xff, 0xff, 0xff, 0xf4, 0xcf, 0xff,
    0xff, 0xff, 0xff, 0xff, 0xff, 0x4c, 0xff, 0xff,
    0xff, 0xff, 0xff, 0xff, 0xf4,

    /* U+004D "M" */
    0x7f, 0xff, 0xfb, 0x0, 0x0, 0x3, 0xff, 0xff,
    0xa7, 0xff, 0xff, 0xf1, 0x0, 0x0, 0x9f, 0xff,
    0xfa, 0x7f, 0xff, 0xff, 0x70, 0x0, 0xe, 0xff,
    0xff, 0xa7, 0xff, 0xff, 0xfd, 0x0, 0x5, 0xff,
    0xff, 0xfa, 0x7f, 0xff, 0xff, 0xf3, 0x0, 0xbf,
    0xff, 0xff, 0xa7, 0xff, 0xfd, 0xff, 0x90, 0x1f,
    0xfe, 0xef, 0xfa, 0x7f, 0xff, 0x6f, 0xff, 0x7,
    0xff, 0x9d, 0xff, 0xa7, 0xff, 0xf1, 0xff, 0xf5,
    0xdf, 0xf2, 0xdf, 0xfa, 0x7f, 0xff, 0x19, 0xff,
    0xef, 0xfc, 0xe, 0xff, 0xa7, 0xff, 0xf1, 0x3f,
    0xff, 0xff, 0x60, 0xef, 0xfa, 0x7f, 0xff, 0x20,
    0xdf, 0xff, 0xf0, 0xf, 0xff, 0xa7, 0xff, 0xf2,
    0x7, 0xff, 0xfa, 0x0, 0xff, 0xfa, 0x7f, 0xff,
    0x30, 0x1f, 0xff, 0x40, 0xf, 0xff, 0xa7, 0xff,
    0xf3, 0x0, 0xaf, 0xd0, 0x0, 0xff, 0xfa, 0x7f,
    0xff, 0x30, 0x4, 0xf7, 0x0, 0xf, 0xff, 0xa7,
    0xff, 0xf3, 0x0, 0xe, 0x10, 0x0, 0xff, 0xfa,
    0x7f, 0xff, 0x30, 0x0, 0x40, 0x0, 0xf, 0xff,
    0xa7, 0xff, 0xf3, 0x0, 0x0, 0x0, 0x0, 0xff,
    0xfa, 0x7f, 0xff, 0x30, 0x0, 0x0, 0x0, 0xf,
    0xff, 0xa7, 0xff, 0xf3, 0x0, 0x0, 0x0, 0x0,
    0xff, 0xfa, 0x7f, 0xff, 0x30, 0x0, 0x0, 0x0,
    0xf, 0xff, 0xa7, 0xff, 0xf3, 0x0, 0x0, 0x0,
    0x0, 0xff, 0xfa,

    /* U+004E "N" */
    0xdf, 0xff, 0xf7, 0x0, 0x0, 0x8, 0xff, 0xf1,
    0xdf, 0xff, 0xfd, 0x0, 0x0, 0x8, 0xff, 0xf1,
    0xdf, 0xff, 0xff, 0x30, 0x0, 0x8, 0xff, 0xf1,
    0xdf, 0xff, 0xff, 0x90, 0x0, 0x8, 0xff, 0xf1,
    0xdf, 0xff, 0xff, 0xf0, 0x0, 0x8, 0xff, 0xf1,
    0xdf, 0xff, 0xff, 0xf5, 0x0, 0x8, 0xff, 0xf1,
    0xdf, 0xfd, 0xef, 0xfb, 0x0, 0x8, 0xff, 0xf1,
    0xdf, 0xfb, 0x8f, 0xff, 0x10, 0x8, 0xff, 0xf1,
    0xdf, 0xfb, 0x2f, 0xff, 0x70, 0x8, 0xff, 0xf1,
    0xdf, 0xfb, 0xc, 0xff, 0xd0, 0x8, 0xff, 0xf1,
    0xdf, 0xfb, 0x6, 0xff, 0xf3, 0x8, 0xff, 0xf1,
    0xdf, 0xfb, 0x0, 0xff, 0xf9, 0x8, 0xff, 0xf1,
    0xdf, 0xfb, 0x0, 0xaf, 0xff, 0x8, 0xff, 0xf1,
    0xdf, 0xfb, 0x0, 0x4f, 0xff, 0x58, 0xff, 0xf1,
    0xdf, 0xfb, 0x0, 0xe, 0xff, 0xb8, 0xff, 0xf1,
    0xdf, 0xfb, 0x0, 0x8, 0xff, 0xfb, 0xff, 0xf1,
    0xdf, 0xfb, 0x0, 0x2, 0xff, 0xff, 0xff, 0xf1,
    0xdf, 0xfb, 0x0, 0x0, 0xcf, 0xff, 0xff, 0xf1,
    0xdf, 0xfb, 0x0, 0x0, 0x6f, 0xff, 0xff, 0xf1,
    0xdf, 0xfb, 0x0, 0x0, 0x1f, 0xff, 0xff, 0xf1,
    0xdf, 0xfb, 0x0, 0x0, 0xa, 0xff, 0xff, 0xf1,
    0xdf, 0xfb, 0x0, 0x0, 0x4, 0xff, 0xff, 0xf1,

    /* U+004F "O" */
    0x0, 0x0, 0x17, 0xce, 0xfe, 0xc8, 0x20, 0x0,
    0x0, 0x0, 0x6, 0xff, 0xff, 0xff, 0xff, 0xf9,
    0x0, 0x0, 0x0, 0x7f, 0xff, 0xff, 0xff, 0xff,
    0xff, 0xa0, 0x0, 0x3, 0xff, 0xff, 0xe9, 0x78,
    0xdf, 0xff, 0xf5, 0x0, 0xb, 0xff, 0xfc, 0x10,
    0x0, 0xa, 0xff, 0xfd, 0x0, 0x1f, 0xff, 0xf3,
    0x0, 0x0, 0x1, 0xff, 0xff, 0x30, 0x6f, 0xff,
    0xe0, 0x0, 0x0, 0x0, 0xbf, 0xff, 0x80, 0x8f,
    0xff, 0xb0, 0x0, 0x0, 0x0, 0x8f, 0xff, 0xb0,
    0xbf, 0xff, 0x90, 0x0, 0x0, 0x0, 0x7f, 0xff,
    0xe0, 0xcf, 0xff, 0x90, 0x0, 0x0, 0x0, 0x6f,
    0xff, 0xf0, 0xdf, 0xff, 0x90, 0x0, 0x0, 0x0,
    0x6f, 0xff, 0xf0, 0xdf, 0xff, 0x90, 0x0, 0x0,
    0x0, 0x6f, 0xff, 0xf0, 0xcf, 0xff, 0x90, 0x0,
    0x0, 0x0, 0x6f, 0xff, 0xf0, 0xbf, 0xff, 0x90,
    0x0, 0x0, 0x0, 0x7f, 0xff, 0xe0, 0x8f, 0xff,
    0xb0, 0x0, 0x0, 0x0, 0x8f, 0xff, 0xb0, 0x6f,
    0xff, 0xe0, 0x0, 0x0, 0x0, 0xbf, 0xff, 0x80,
    0x1f, 0xff, 0xf3, 0x0, 0x0, 0x1, 0xff, 0xff,
    0x30, 0xb, 0xff, 0xfd, 0x10, 0x0, 0xb, 0xff,
    0xfd, 0x0, 0x3, 0xff, 0xff, 0xe9, 0x78, 0xdf,
    0xff, 0xf5, 0x0, 0x0, 0x7f, 0xff, 0xff, 0xff,
    0xff, 0xff, 0xa0, 0x0, 0x0, 0x6, 0xff, 0xff,
    0xff, 0xff, 0xf9, 0x0, 0x0, 0x0, 0x0, 0x17,
    0xce, 0xfe, 0xd8, 0x30, 0x0, 0x0,

    /* U+0050 "P" */
    0x7f, 0xff, 0xff, 0xff, 0xff, 0xda, 0x40, 0x0,
    0x7f, 0xff, 0xff, 0xff, 0xff, 0xff, 0xf9, 0x0,
    0x7f, 0xff, 0xff, 0xff, 0xff, 0xff, 0xff, 0x80,
    0x7f, 0xff, 0xd7, 0x77, 0x7a, 0xff, 0xff, 0xf2,
    0x7f, 0xff, 0xc0, 0x0, 0x0, 0x2f, 0xff, 0xf7,
    0x7f, 0xff, 0xc0, 0x0, 0x0, 0xc, 0xff, 0xfa,
    0x7f, 0xff, 0xc0, 0x0, 0x0, 0xa, 0xff, 0xfb,
    0x7f, 0xff, 0xc0, 0x0, 0x0, 0xb, 0xff, 0xfb,
    0x7f, 0xff, 0xc0, 0x0, 0x0, 0xe, 0xff, 0xf9,
    0x7f, 0xff, 0xc0, 0x0, 0x2, 0xaf, 0xff, 0xf4,
    0x7f, 0xff, 0xff, 0xff, 0xff, 0xff, 0xff, 0xd0,
    0x7f, 0xff, 0xff, 0xff, 0xff, 0xff, 0xff, 0x20,
    0x7f, 0xff, 0xff, 0xff, 0xff, 0xff, 0xb2, 0x0,
    0x7f, 0xff, 0xd7, 0x77, 0x76, 0x51, 0x0, 0x0,
    0x7f, 0xff, 0xc0, 0x0, 0x0, 0x0, 0x0, 0x0,
    0x7f, 0xff, 0xc0, 0x0, 0x0, 0x0, 0x0, 0x0,
    0x7f, 0xff, 0xc0, 0x0, 0x0, 0x0, 0x0, 0x0,
    0x7f, 0xff, 0xc0, 0x0, 0x0, 0x0, 0x0, 0x0,
    0x7f, 0xff, 0xc0, 0x0, 0x0, 0x0, 0x0, 0x0,
    0x7f, 0xff, 0xc0, 0x0, 0x0, 0x0, 0x0, 0x0,
    0x7f, 0xff, 0xc0, 0x0, 0x0, 0x0, 0x0, 0x0,
    0x7f, 0xff, 0xc0, 0x0, 0x0, 0x0, 0x0, 0x0,

    /* U+0051 "Q" */
    0x0, 0x0, 0x16, 0xce, 0xfe, 0xc8, 0x20, 0x0,
    0x0, 0x0, 0x4, 0xef, 0xff, 0xff, 0xff, 0xf7,
    0x0, 0x0, 0x0, 0x4f, 0xff, 0xff, 0xff, 0xff,
    0xff, 0x70, 0x0, 0x1, 0xff, 0xff, 0xe9, 0x78,
    0xdf, 0xff, 0xf3, 0x0, 0x9, 0xff, 0xfd, 0x10,
    0x0, 0xb, 0xff, 0xfb, 0x0, 0xf, 0xff, 0xf5,
    0x0, 0x0, 0x2, 0xff, 0xff, 0x10, 0x4f, 0xff,
    0xf0, 0x0, 0x0, 0x0, 0xcf, 0xff, 0x70, 0x7f,
    0xff, 0xc0, 0x0, 0x0, 0x0, 0x9f, 0xff, 0xa0,
    0xaf, 0xff, 0xa0, 0x0, 0x0, 0x0, 0x7f, 0xff,
    0xd0, 0xbf, 0xff, 0x90, 0x0, 0x0, 0x0, 0x6f,
    0xff, 0xe0, 0xcf, 0xff, 0x90, 0x0, 0x0, 0x0,
    0x6f, 0xff, 0xf0, 0xdf, 0xff, 0x90, 0x0, 0x0,
    0x0, 0x6f, 0xff, 0xf0, 0xdf, 0xff, 0x90, 0x0,
    0x0, 0x0, 0x6f, 0xff, 0xf0, 0xcf, 0xff, 0x90,
    0x0, 0x0, 0x0, 0x6f, 0xff, 0xf0, 0xbf, 0xff,
    0xa0, 0x0, 0x0, 0x0, 0x7f, 0xff, 0xe0, 0x8f,
    0xff, 0xb0, 0x0, 0x0, 0x0, 0x8f, 0xff, 0xb0,
    0x5f, 0xff, 0xd0, 0x0, 0x0, 0x0, 0xaf, 0xff,
    0x90, 0x1f, 0xff, 0xf2, 0x0, 0x0, 0x0, 0xef,
    0xff, 0x40, 0xc, 0xff, 0xfa, 0x0, 0x0, 0x7,
    0xff, 0xfe, 0x0, 0x5, 0xff, 0xff, 0x92, 0x2,
    0x8f, 0xff, 0xf8, 0x0, 0x0, 0xbf, 0xff, 0xff,
    0xff, 0xff, 0xff, 0xd0, 0x0, 0x0, 0x1c, 0xff,
    0xff, 0xff, 0xff, 0xfe, 0x20, 0x0, 0x0, 0x0,
    0x7e, 0xff, 0xff, 0xff, 0x91, 0x0, 0x0, 0x0,
    0x0, 0x0, 0x5f, 0xff, 0x80, 0x0, 0x0, 0x0,
    0x0, 0x0, 0x0, 0x3f, 0xff, 0x60, 0x0, 0x0,
    0x0, 0x0, 0x0, 0x0, 0x2f, 0xff, 0x71, 0x11,
    0x10, 0x0, 0x0, 0x0, 0x0, 0xe, 0xff, 0xff,
    0xff, 0xf8, 0x0, 0x0, 0x0, 0x0, 0x6, 0xff,
    0xff, 0xff, 0xf8, 0x0, 0x0, 0x0, 0x0, 0x0,
    0x5c, 0xff, 0xff, 0xf8, 0x0,

    /* U+0052 "R" */
    0x7f, 0xff, 0xff, 0xff, 0xff, 0xda, 0x40, 0x0,
    0x7, 0xff, 0xff, 0xff, 0xff, 0xff, 0xff, 0x90,
    0x0, 0x7f, 0xff, 0xff, 0xff, 0xff, 0xff, 0xff,
    0x80, 0x7, 0xff, 0xfd, 0x77, 0x77, 0xaf, 0xff,
    0xff, 0x20, 0x7f, 0xff, 0xc0, 0x0, 0x0, 0x2f,
    0xff, 0xf7, 0x7, 0xff, 0xfc, 0x0, 0x0, 0x0,
    0xcf, 0xff, 0xa0, 0x7f, 0xff, 0xc0, 0x0, 0x0,
    0xa, 0xff, 0xfb, 0x7, 0xff, 0xfc, 0x0, 0x0,
    0x0, 0xbf, 0xff, 0xb0, 0x7f, 0xff, 0xc0, 0x0,
    0x0, 0xe, 0xff, 0xf8, 0x7, 0xff, 0xfc, 0x0,
    0x0, 0x2a, 0xff, 0xff, 0x40, 0x7f, 0xff, 0xff,
    0xff, 0xff, 0xff, 0xff, 0xc0, 0x7, 0xff, 0xff,
    0xff, 0xff, 0xff, 0xff, 0xd1, 0x0, 0x7f, 0xff,
    0xff, 0xff, 0xff, 0xfd, 0x60, 0x0, 0x7, 0xff,
    0xfd, 0x44, 0xaf, 0xff, 0xb0, 0x0, 0x0, 0x7f,
    0xff, 0xc0, 0x2, 0xff, 0xff, 0x40, 0x0, 0x7,
    0xff, 0xfc, 0x0, 0xa, 0xff, 0xfc, 0x0, 0x0,
    0x7f, 0xff, 0xc0, 0x0, 0x2f, 0xff, 0xf4, 0x0,
    0x7, 0xff, 0xfc, 0x0, 0x0, 0xaf, 0xff, 0xc0,
    0x0, 0x7f, 0xff, 0xc0, 0x0, 0x2, 0xff, 0xff,
    0x50, 0x7, 0xff, 0xfc, 0x0, 0x0, 0xb, 0xff,
    0xfd, 0x0, 0x7f, 0xff, 0xc0, 0x0, 0x0, 0x3f,
    0xff, 0xf5, 0x7, 0xff, 0xfc, 0x0, 0x0, 0x0,
    0xbf, 0xff, 0xd0,

    /* U+0053 "S" */
    0x0, 0x0, 0x38, 0xce, 0xff, 0xdb, 0x61, 0x0,
    0x0, 0x0, 0xaf, 0xff, 0xff, 0xff, 0xff, 0xf7,
    0x0, 0x0, 0xcf, 0xff, 0xff, 0xff, 0xff, 0xff,
    0xfb, 0x0, 0x6f, 0xff, 0xfe, 0x97, 0x79, 0xef,
    0xff, 0xe1, 0xc, 0xff, 0xfc, 0x0, 0x0, 0x0,
    0x6f, 0xe2, 0x0, 0xff, 0xff, 0x50, 0x0, 0x0,
    0x0, 0x32, 0x0, 0xf, 0xff, 0xf4, 0x0, 0x0,
    0x0, 0x0, 0x0, 0x0, 0xef, 0xff, 0x80, 0x0,
    0x0, 0x0, 0x0, 0x0, 0x9, 0xff, 0xff, 0x93,
    0x0, 0x0, 0x0, 0x0, 0x0, 0x2f, 0xff, 0xff,
    0xff, 0xca, 0x62, 0x0, 0x0, 0x0, 0x4f, 0xff,
    0xff, 0xff, 0xff, 0xfc, 0x30, 0x0, 0x0, 0x19,
    0xef, 0xff, 0xff, 0xff, 0xff, 0x40, 0x0, 0x0,
    0x0, 0x14, 0x7a, 0xef, 0xff, 0xfe, 0x0, 0x0,
    0x0, 0x0, 0x0, 0x0, 0x6f, 0xff, 0xf6, 0x0,
    0x0, 0x0, 0x0, 0x0, 0x0, 0xbf, 0xff, 0x90,
    0x0, 0x0, 0x0, 0x0, 0x0, 0x9, 0xff, 0xfa,
    0x1, 0xd5, 0x0, 0x0, 0x0, 0x0, 0xcf, 0xff,
    0x81, 0xdf, 0xf9, 0x10, 0x0, 0x0, 0x6f, 0xff,
    0xf4, 0x9f, 0xff, 0xff, 0xb8, 0x79, 0xdf, 0xff,
    0xfd, 0x0, 0xbf, 0xff, 0xff, 0xff, 0xff, 0xff,
    0xfe, 0x20, 0x0, 0x6f, 0xff, 0xff, 0xff, 0xff,
    0xfc, 0x20, 0x0, 0x0, 0x5, 0xad, 0xef, 0xed,
    0x94, 0x0, 0x0,

    /* U+0054 "T" */
    0x3f, 0xff, 0xff, 0xff, 0xff, 0xff, 0xff, 0xff,
    0xff, 0x63, 0xff, 0xff, 0xff, 0xff, 0xff, 0xff,
    0xff, 0xff, 0xf6, 0x3f, 0xff, 0xff, 0xff, 0xff,
    0xff, 0xff, 0xff, 0xff, 0x61, 0x77, 0x77, 0x77,
    0xbf, 0xff, 0xd7, 0x77, 0x77, 0x73, 0x0, 0x0,
    0x0, 0x7, 0xff, 0xfb, 0x0, 0x0, 0x0, 0x0,
    0x0, 0x0, 0x0, 0x7f, 0xff, 0xb0, 0x0, 0x0,
    0x0, 0x0, 0x0, 0x0, 0x7, 0xff, 0xfb, 0x0,
    0x0, 0x0, 0x0, 0x0, 0x0, 0x0, 0x7f, 0xff,
    0xb0, 0x0, 0x0, 0x0, 0x0, 0x0, 0x0, 0x7,
    0xff, 0xfb, 0x0, 0x0, 0x0, 0x0, 0x0, 0x0,
    0x0, 0x7f, 0xff, 0xb0, 0x0, 0x0, 0x0, 0x0,
    0x0, 0x0, 0x7, 0xff, 0xfb, 0x0, 0x0, 0x0,
    0x0, 0x0, 0x0, 0x0, 0x7f, 0xff, 0xb0, 0x0,
    0x0, 0x0, 0x0, 0x0, 0x0, 0x7, 0xff, 0xfb,
    0x0, 0x0, 0x0, 0x0, 0x0, 0x0, 0x0, 0x7f,
    0xff, 0xb0, 0x0, 0x0, 0x0, 0x0, 0x0, 0x0,
    0x7, 0xff, 0xfb, 0x0, 0x0, 0x0, 0x0, 0x0,
    0x0, 0x0, 0x7f, 0xff, 0xb0, 0x0, 0x0, 0x0,
    0x0, 0x0, 0x0, 0x7, 0xff, 0xfb, 0x0, 0x0,
    0x0, 0x0, 0x0, 0x0, 0x0, 0x7f, 0xff, 0xb0,
    0x0, 0x0, 0x0, 0x0, 0x0, 0x0, 0x7, 0xff,
    0xfb, 0x0, 0x0, 0x0, 0x0, 0x0, 0x0, 0x0,
    0x7f, 0xff, 0xb0, 0x0, 0x0, 0x0, 0x0, 0x0,
    0x0, 0x7, 0xff, 0xfb, 0x0, 0x0, 0x0, 0x0,
    0x0, 0x0, 0x0, 0x7f, 0xff, 0xb0, 0x0, 0x0,
    0x0,

    /* U+0055 "U" */
    0xf, 0xff, 0xf2, 0x0, 0x0, 0x0, 0xff, 0xff,
    0x30, 0xff, 0xff, 0x20, 0x0, 0x0, 0xf, 0xff,
    0xf3, 0xf, 0xff, 0xf2, 0x0, 0x0, 0x0, 0xff,
    0xff, 0x30, 0xff, 0xff, 0x20, 0x0, 0x0, 0xf,
    0xff, 0xf3, 0xf, 0xff, 0xf2, 0x0, 0x0, 0x0,
    0xff, 0xff, 0x30, 0xff, 0xff, 0x20, 0x0, 0x0,
    0xf, 0xff, 0xf3, 0xf, 0xff, 0xf2, 0x0, 0x0,
    0x0, 0xff, 0xff, 0x30, 0xff, 0xff, 0x20, 0x0,
    0x0, 0xf, 0xff, 0xf3, 0xf, 0xff, 0xf2, 0x0,
    0x0, 0x0, 0xff, 0xff, 0x30, 0xff, 0xff, 0x20,
    0x0, 0x0, 0xf, 0xff, 0xf3, 0xf, 0xff, 0xf2,
    0x0, 0x0, 0x0, 0xff, 0xff, 0x30, 0xff, 0xff,
    0x20, 0x0, 0x0, 0xf, 0xff, 0xf3, 0xf, 0xff,
    0xf2, 0x0, 0x0, 0x0, 0xff, 0xff, 0x30, 0xff,
    0xff, 0x20, 0x0, 0x0, 0xf, 0xff, 0xf3, 0xf,
    0xff, 0xf3, 0x0, 0x0, 0x0, 0xff, 0xff, 0x20,
    0xef, 0xff, 0x40, 0x0, 0x0, 0x1f, 0xff, 0xf1,
    0xc, 0xff, 0xf7, 0x0, 0x0, 0x4, 0xff, 0xff,
    0x0, 0x8f, 0xff, 0xd1, 0x0, 0x0, 0xbf, 0xff,
    0xb0, 0x3, 0xff, 0xff, 0xe9, 0x78, 0xdf, 0xff,
    0xf6, 0x0, 0xb, 0xff, 0xff, 0xff, 0xff, 0xff,
    0xfd, 0x0, 0x0, 0xb, 0xff, 0xff, 0xff, 0xff,
    0xfd, 0x20, 0x0, 0x0, 0x4, 0xad, 0xef, 0xfd,
    0xa6, 0x0, 0x0,

    /* U+0056 "V" */
    0x5f, 0xff, 0xf4, 0x0, 0x0, 0x0, 0x0, 0xdf,
    0xff, 0x80, 0xff, 0xff, 0x80, 0x0, 0x0, 0x0,
    0x1f, 0xff, 0xf3, 0xc, 0xff, 0xfc, 0x0, 0x0,
    0x0, 0x5, 0xff, 0xff, 0x0, 0x7f, 0xff, 0xf0,
    0x0, 0x0, 0x0, 0x9f, 0xff, 0xa0, 0x3, 0xff,
    0xff, 0x40, 0x0, 0x0, 0xd, 0xff, 0xf6, 0x0,
    0xe, 0xff, 0xf8, 0x0, 0x0, 0x1, 0xff, 0xff,
    0x20, 0x0, 0xaf, 0xff, 0xc0, 0x0, 0x0, 0x6f,
    0xff, 0xd0, 0x0, 0x5, 0xff, 0xff, 0x0, 0x0,
    0xa, 0xff, 0xf9, 0x0, 0x0, 0x1f, 0xff, 0xf4,
    0x0, 0x0, 0xef, 0xff, 0x40, 0x0, 0x0, 0xdf,
    0xff, 0x80, 0x0, 0x2f, 0xff, 0xf0, 0x0, 0x0,
    0x8, 0xff, 0xfc, 0x0, 0x6, 0xff, 0xfb, 0x0,
    0x0, 0x0, 0x4f, 0xff, 0xf0, 0x0, 0xaf, 0xff,
    0x70, 0x0, 0x0, 0x0, 0xff, 0xff, 0x40, 0xd,
    0xff, 0xf2, 0x0, 0x0, 0x0, 0xb, 0xff, 0xf7,
    0x1, 0xff, 0xfe, 0x0, 0x0, 0x0, 0x0, 0x6f,
    0xff, 0xb0, 0x5f, 0xff, 0xa0, 0x0, 0x0, 0x0,
    0x2, 0xff, 0xff, 0x9, 0xff, 0xf5, 0x0, 0x0,
    0x0, 0x0, 0xd, 0xff, 0xf3, 0xdf, 0xff, 0x10,
    0x0, 0x0, 0x0, 0x0, 0x9f, 0xff, 0x8f, 0xff,
    0xc0, 0x0, 0x0, 0x0, 0x0, 0x5, 0xff, 0xff,
    0xff, 0xf8, 0x0, 0x0, 0x0, 0x0, 0x0, 0xf,
    0xff, 0xff, 0xff, 0x30, 0x0, 0x0, 0x0, 0x0,
    0x0, 0xcf, 0xff, 0xff, 0xf0, 0x0, 0x0, 0x0,
    0x0, 0x0, 0x7, 0xff, 0xff, 0xfa, 0x0, 0x0,
    0x0,

    /* U+0057 "W" */
    0x6f, 0xff, 0x30, 0x0, 0x0, 0x0, 0x0, 0xe,
    0xff, 0x95, 0xff, 0xf4, 0x0, 0x0, 0x0, 0x0,
    0x0, 0xff, 0xf8, 0x4f, 0xff, 0x50, 0x0, 0x0,
    0x0, 0x0, 0xf, 0xff, 0x72, 0xff, 0xf6, 0x0,
    0x0, 0x0, 0x0, 0x0, 0xff, 0xf6, 0x1f, 0xff,
    0x70, 0x0, 0x0, 0x0, 0x0, 0x1f, 0xff, 0x50,
    0xff, 0xf7, 0x0, 0x5f, 0xff, 0xa0, 0x2, 0xff,
    0xf3, 0xf, 0xff, 0x80, 0x8, 0xff, 0xfd, 0x0,
    0x3f, 0xff, 0x20, 0xef, 0xf9, 0x0, 0xbf, 0xff,
    0xf0, 0x4, 0xff, 0xf1, 0xd, 0xff, 0xa0, 0xe,
    0xff, 0xff, 0x30, 0x5f, 0xff, 0x0, 0xcf, 0xfb,
    0x1, 0xff, 0xdf, 0xf6, 0x6, 0xff, 0xf0, 0xb,
    0xff, 0xc0, 0x3f, 0xf6, 0xff, 0x90, 0x7f, 0xfe,
    0x0, 0xaf, 0xfd, 0x6, 0xff, 0x2f, 0xfb, 0x8,
    0xff, 0xd0, 0x9, 0xff, 0xe0, 0x9f, 0xf0, 0xcf,
    0xe0, 0x8f, 0xfc, 0x0, 0x8f, 0xff, 0xc, 0xfd,
    0xa, 0xff, 0x19, 0xff, 0xb0, 0x6, 0xff, 0xf0,
    0xff, 0xa0, 0x7f, 0xf4, 0xaf, 0xfa, 0x0, 0x5f,
    0xff, 0x2f, 0xf8, 0x5, 0xff, 0x7b, 0xff, 0x90,
    0x4, 0xff, 0xf6, 0xff, 0x50, 0x2f, 0xfa, 0xcf,
    0xf7, 0x0, 0x3f, 0xff, 0xbf, 0xf3, 0x0, 0xff,
    0xdd, 0xff, 0x60, 0x2, 0xff, 0xff, 0xff, 0x0,
    0xd, 0xff, 0xff, 0xf5, 0x0, 0x1f, 0xff, 0xff,
    0xe0, 0x0, 0xaf, 0xff, 0xff, 0x40, 0x0, 0xff,
    0xff, 0xfb, 0x0, 0x8, 0xff, 0xff, 0xf3, 0x0,
    0xf, 0xff, 0xff, 0x90, 0x0, 0x5f, 0xff, 0xff,
    0x20,

    /* U+0058 "X" */
    0xd, 0xff, 0xfd, 0x0, 0x0, 0x0, 0x4, 0xff,
    0xff, 0x20, 0x4f, 0xff, 0xf7, 0x0, 0x0, 0x0,
    0xdf, 0xff, 0x80, 0x0, 0xbf, 0xff, 0xe1, 0x0,
    0x0, 0x7f, 0xff, 0xe0, 0x0, 0x2, 0xff, 0xff,
    0x90, 0x0, 0x1f, 0xff, 0xf6, 0x0, 0x0, 0x8,
    0xff, 0xff, 0x10, 0x9, 0xff, 0xfc, 0x0, 0x0,
    0x0, 0xe, 0xff, 0xf9, 0x1, 0xff, 0xff, 0x30,
    0x0, 0x0, 0x0, 0x6f, 0xff, 0xf1, 0x9f, 0xff,
    0xa0, 0x0, 0x0, 0x0, 0x0, 0xcf, 0xff, 0xbf,
    0xff, 0xf1, 0x0, 0x0, 0x0, 0x0, 0x3, 0xff,
    0xff, 0xff, 0xf7, 0x0, 0x0, 0x0, 0x0, 0x0,
    0xa, 0xff, 0xff, 0xfe, 0x0, 0x0, 0x0, 0x0,
    0x0, 0x0, 0x2f, 0xff, 0xff, 0x60, 0x0, 0x0,
    0x0, 0x0, 0x0, 0x7, 0xff, 0xff, 0xfa, 0x0,
    0x0, 0x0, 0x0, 0x0, 0x1, 0xff, 0xff, 0xff,
    0xf4, 0x0, 0x0, 0x0, 0x0, 0x0, 0xaf, 0xff,
    0xef, 0xff, 0xd0, 0x0, 0x0, 0x0, 0x0, 0x3f,
    0xff, 0xe2, 0xff, 0xff, 0x60, 0x0, 0x0, 0x0,
    0xc, 0xff, 0xf7, 0x8, 0xff, 0xfe, 0x10, 0x0,
    0x0, 0x5, 0xff, 0xfe, 0x0, 0xe, 0xff, 0xf9,
    0x0, 0x0, 0x0, 0xef, 0xff, 0x60, 0x0, 0x7f,
    0xff, 0xf2, 0x0, 0x0, 0x8f, 0xff, 0xd0, 0x0,
    0x0, 0xef, 0xff, 0xb0, 0x0, 0x2f, 0xff, 0xf4,
    0x0, 0x0, 0x6, 0xff, 0xff, 0x40, 0xa, 0xff,
    0xfb, 0x0, 0x0, 0x0, 0xc, 0xff, 0xfd, 0x4,
    0xff, 0xff, 0x20, 0x0, 0x0, 0x0, 0x4f, 0xff,
    0xf7,

    /* U+0059 "Y" */
    0x7f, 0xff, 0xf2, 0x0, 0x0, 0x0, 0x0, 0xcf,
    0xff, 0xa0, 0xef, 0xff, 0xa0, 0x0, 0x0, 0x0,
    0x4f, 0xff, 0xf2, 0x7, 0xff, 0xff, 0x20, 0x0,
    0x0, 0xc, 0xff, 0xfa, 0x0, 0xe, 0xff, 0xfa,
    0x0, 0x0, 0x4, 0xff, 0xff, 0x20, 0x0, 0x6f,
    0xff, 0xf2, 0x0, 0x0, 0xcf, 0xff, 0x90, 0x0,
    0x0, 0xdf, 0xff, 0x90, 0x0, 0x4f, 0xff, 0xf1,
    0x0, 0x0, 0x5, 0xff, 0xff, 0x10, 0xb, 0xff,
    0xf8, 0x0, 0x0, 0x0, 0xd, 0xff, 0xf8, 0x3,
    0xff, 0xff, 0x10, 0x0, 0x0, 0x0, 0x5f, 0xff,
    0xe0, 0xaf, 0xff, 0x80, 0x0, 0x0, 0x0, 0x0,
    0xcf, 0xff, 0x8f, 0xff, 0xf1, 0x0, 0x0, 0x0,
    0x0, 0x4, 0xff, 0xff, 0xff, 0xf7, 0x0, 0x0,
    0x0, 0x0, 0x0, 0xc, 0xff, 0xff, 0xfe, 0x0,
    0x0, 0x0, 0x0, 0x0, 0x0, 0x4f, 0xff, 0xff,
    0x70, 0x0, 0x0, 0x0, 0x0, 0x0, 0x0, 0xbf,
    0xff, 0xe0, 0x0, 0x0, 0x0, 0x0, 0x0, 0x0,
    0x7, 0xff, 0xfb, 0x0, 0x0, 0x0, 0x0, 0x0,
    0x0, 0x0, 0x7f, 0xff, 0xb0, 0x0, 0x0, 0x0,
    0x0, 0x0, 0x0, 0x7, 0xff, 0xfb, 0x0, 0x0,
    0x0, 0x0, 0x0, 0x0, 0x0, 0x7f, 0xff, 0xb0,
    0x0, 0x0, 0x0, 0x0, 0x0, 0x0, 0x7, 0xff,
    0xfb, 0x0, 0x0, 0x0, 0x0, 0x0, 0x0, 0x0,
    0x7f, 0xff, 0xb0, 0x0, 0x0, 0x0, 0x0, 0x0,
    0x0, 0x7, 0xff, 0xfb, 0x0, 0x0, 0x0, 0x0,
    0x0, 0x0, 0x0, 0x7f, 0xff, 0xb0, 0x0, 0x0,
    0x0,

    /* U+005A "Z" */
    0x1f, 0xff, 0xff, 0xff, 0xff, 0xff, 0xff, 0xff,
    0x41, 0xff, 0xff, 0xff, 0xff, 0xff, 0xff, 0xff,
    0xf4, 0x1f, 0xff, 0xff, 0xff, 0xff, 0xff, 0xff,
    0xff, 0x40, 0x77, 0x77, 0x77, 0x77, 0x77, 0xcf,
    0xff, 0xf3, 0x0, 0x0, 0x0, 0x0, 0x0, 0x2f,
    0xff, 0xfa, 0x0, 0x0, 0x0, 0x0, 0x0, 0xd,
    0xff, 0xfd, 0x0, 0x0, 0x0, 0x0, 0x0, 0xa,
    0xff, 0xff, 0x30, 0x0, 0x0, 0x0, 0x0, 0x5,
    0xff, 0xff, 0x60, 0x0, 0x0, 0x0, 0x0, 0x2,
    0xff, 0xff, 0xa0, 0x0, 0x0, 0x0, 0x0, 0x0,
    0xdf, 0xff, 0xd0, 0x0, 0x0, 0x0, 0x0, 0x0,
    0xaf, 0xff, 0xf3, 0x0, 0x0, 0x0, 0x0, 0x0,
    0x5f, 0xff, 0xf6, 0x0, 0x0, 0x0, 0x0, 0x0,
    0x2f, 0xff, 0xfa, 0x0, 0x0, 0x0, 0x0, 0x0,
    0xd, 0xff, 0xfd, 0x0, 0x0, 0x0, 0x0, 0x0,
    0xa, 0xff, 0xff, 0x30, 0x0, 0x0, 0x0, 0x0,
    0x5, 0xff, 0xff, 0x60, 0x0, 0x0, 0x0, 0x0,
    0x2, 0xff, 0xff, 0xa0, 0x0, 0x0, 0x0, 0x0,
    0x0, 0xdf, 0xff, 0xd0, 0x0, 0x0, 0x0, 0x0,
    0x0, 0x6f, 0xff, 0xfa, 0x77, 0x77, 0x77, 0x77,
    0x77, 0x57, 0xff, 0xff, 0xff, 0xff, 0xff, 0xff,
    0xff, 0xfa, 0x7f, 0xff, 0xff, 0xff, 0xff, 0xff,
    0xff, 0xff, 0xa7, 0xff, 0xff, 0xff, 0xff, 0xff,
    0xff, 0xff, 0xfa,

    /* U+005B "[" */
    0xcf, 0xff, 0xff, 0xff, 0xff, 0x3c, 0xff, 0xff,
    0xff, 0xff, 0xf3, 0xcf, 0xfe, 0xdd, 0xdd, 0xdd,
    0x2c, 0xff, 0x90, 0x0, 0x0, 0x0, 0xcf, 0xf9,
    0x0, 0x0, 0x0, 0xc, 0xff, 0x90, 0x0, 0x0,
    0x0, 0xcf, 0xf9, 0x0, 0x0, 0x0, 0xc, 0xff,
    0x90, 0x0, 0x0, 0x0, 0xcf, 0xf9, 0x0, 0x0,
    0x0, 0xc, 0xff, 0x90, 0x0, 0x0, 0x0, 0xcf,
    0xf9, 0x0, 0x0, 0x0, 0xc, 0xff, 0x90, 0x0,
    0x0, 0x0, 0xcf, 0xf9, 0x0, 0x0, 0x0, 0xc,
    0xff, 0x90, 0x0, 0x0, 0x0, 0xcf, 0xf9, 0x0,
    0x0, 0x0, 0xc, 0xff, 0x90, 0x0, 0x0, 0x0,
    0xcf, 0xf9, 0x0, 0x0, 0x0, 0xc, 0xff, 0x90,
    0x0, 0x0, 0x0, 0xcf, 0xf9, 0x0, 0x0, 0x0,
    0xc, 0xff, 0x90, 0x0, 0x0, 0x0, 0xcf, 0xf9,
    0x0, 0x0, 0x0, 0xc, 0xff, 0x90, 0x0, 0x0,
    0x0, 0xcf, 0xf9, 0x0, 0x0, 0x0, 0xc, 0xff,
    0x90, 0x0, 0x0, 0x0, 0xcf, 0xf9, 0x0, 0x0,
    0x0, 0xc, 0xff, 0x90, 0x0, 0x0, 0x0, 0xcf,
    0xfe, 0xdd, 0xdd, 0xdd, 0x2c, 0xff, 0xff, 0xff,
    0xff, 0xf3, 0xcf, 0xff, 0xff, 0xff, 0xff, 0x30,

    /* U+005C "\\" */
    0x5f, 0xff, 0x50, 0x0, 0x0, 0x0, 0x0, 0x0,
    0xef, 0xfb, 0x0, 0x0, 0x0, 0x0, 0x0, 0x9,
    0xff, 0xf1, 0x0, 0x0, 0x0, 0x0, 0x0, 0x3f,
    0xff, 0x70, 0x0, 0x0, 0x0, 0x0, 0x0, 0xdf,
    0xfc, 0x0, 0x0, 0x0, 0x0, 0x0, 0x8, 0xff,
    0xf2, 0x0, 0x0, 0x0, 0x0, 0x0, 0x2f, 0xff,
    0x80, 0x0, 0x0, 0x0, 0x0, 0x0, 0xcf, 0xfe,
    0x0, 0x0, 0x0, 0x0, 0x0, 0x6, 0xff, 0xf4,
    0x0, 0x0, 0x0, 0x0, 0x0, 0x1f, 0xff, 0x90,
    0x0, 0x0, 0x0, 0x0, 0x0, 0xbf, 0xff, 0x0,
    0x0, 0x0, 0x0, 0x0, 0x5, 0xff, 0xf5, 0x0,
    0x0, 0x0, 0x0, 0x0, 0xe, 0xff, 0xb0, 0x0,
    0x0, 0x0, 0x0, 0x0, 0x9f, 0xff, 0x10, 0x0,
    0x0, 0x0, 0x0, 0x3, 0xff, 0xf6, 0x0, 0x0,
    0x0, 0x0, 0x0, 0xd, 0xff, 0xc0, 0x0, 0x0,
    0x0, 0x0, 0x0, 0x8f, 0xff, 0x20, 0x0, 0x0,
    0x0, 0x0, 0x2, 0xff, 0xf8, 0x0, 0x0, 0x0,
    0x0, 0x0, 0xc, 0xff, 0xe0, 0x0, 0x0, 0x0,
    0x0, 0x0, 0x6f, 0xff, 0x40, 0x0, 0x0, 0x0,
    0x0, 0x1, 0xff, 0xf9, 0x0, 0x0, 0x0, 0x0,
    0x0, 0xb, 0xff, 0xf0, 0x0, 0x0, 0x0, 0x0,
    0x0, 0x5f, 0xff, 0x50, 0x0, 0x0, 0x0, 0x0,
    0x0, 0xef, 0xfb, 0x0, 0x0, 0x0, 0x0, 0x0,
    0x9, 0xff, 0xf1, 0x0, 0x0, 0x0, 0x0, 0x0,
    0x3f, 0xff, 0x60, 0x0, 0x0, 0x0, 0x0, 0x0,
    0xdf, 0xfc, 0x0, 0x0, 0x0, 0x0, 0x0, 0x8,
    0xff, 0xf2, 0x0, 0x0, 0x0, 0x0, 0x0, 0x2f,
    0xff, 0x80,

    /* U+005D "]" */
    0xff, 0xff, 0xff, 0xff, 0xff, 0xff, 0xff, 0xff,
    0xff, 0xff, 0xdd, 0xdd, 0xdd, 0xef, 0xff, 0x0,
    0x0, 0x0, 0x6f, 0xff, 0x0, 0x0, 0x0, 0x6f,
    0xff, 0x0, 0x0, 0x0, 0x6f, 0xff, 0x0, 0x0,
    0x0, 0x6f, 0xff, 0x0, 0x0, 0x0, 0x6f, 0xff,
    0x0, 0x0, 0x0, 0x6f, 0xff, 0x0, 0x0, 0x0,
    0x6f, 0xff, 0x0, 0x0, 0x0, 0x6f, 0xff, 0x0,
    0x0, 0x0, 0x6f, 0xff, 0x0, 0x0, 0x0, 0x6f,
    0xff, 0x0, 0x0, 0x0, 0x6f, 0xff, 0x0, 0x0,
    0x0, 0x6f, 0xff, 0x0, 0x0, 0x0, 0x6f, 0xff,
    0x0, 0x0, 0x0, 0x6f, 0xff, 0x0, 0x0, 0x0,
    0x6f, 0xff, 0x0, 0x0, 0x0, 0x6f, 0xff, 0x0,
    0x0, 0x0, 0x6f, 0xff, 0x0, 0x0, 0x0, 0x6f,
    0xff, 0x0, 0x0, 0x0, 0x6f, 0xff, 0x0, 0x0,
    0x0, 0x6f, 0xff, 0x0, 0x0, 0x0, 0x6f, 0xff,
    0x0, 0x0, 0x0, 0x6f, 0xff, 0x0, 0x0, 0x0,
    0x6f, 0xff, 0xdd, 0xdd, 0xdd, 0xef, 0xff, 0xff,
    0xff, 0xff, 0xff, 0xff, 0xff, 0xff, 0xff, 0xff,
    0xff,

    /* U+005E "^" */
    0x0, 0x0, 0x0, 0x8b, 0xbb, 0xa0, 0x0, 0x0,
    0x0, 0x0, 0x0, 0x3, 0xff, 0xff, 0xf6, 0x0,
    0x0, 0x0, 0x0, 0x0, 0xb, 0xff, 0xff, 0xfd,
    0x0, 0x0, 0x0, 0x0, 0x0, 0x3f, 0xff, 0xff,
    0xff, 0x60, 0x0, 0x0, 0x0, 0x0, 0xbf, 0xff,
    0x4f, 0xff, 0xd0, 0x0, 0x0, 0x0, 0x3, 0xff,
    0xfa, 0x9, 0xff, 0xf6, 0x0, 0x0, 0x0, 0xa,
    0xff, 0xf2, 0x2, 0xff, 0xfd, 0x0, 0x0, 0x0,
    0x2f, 0xff, 0xa0, 0x0, 0x9f, 0xff, 0x60, 0x0,
    0x0, 0xaf, 0xff, 0x20, 0x0, 0x2f, 0xff, 0xd0,
    0x0, 0x2, 0xff, 0xfa, 0x0, 0x0, 0x9, 0xff,
    0xf6, 0x0, 0xa, 0xff, 0xf2, 0x0, 0x0, 0x2,
    0xff, 0xfd, 0x0, 0x2f, 0xff, 0xa0, 0x0, 0x0,
    0x0, 0xaf, 0xff, 0x60, 0xaf, 0xff, 0x20, 0x0,
    0x0, 0x0, 0x2f, 0xff, 0xd0, 0x5c, 0xfa, 0x0,
    0x0, 0x0, 0x0, 0xa, 0xfd, 0x60, 0x0, 0x42,
    0x0, 0x0, 0x0, 0x0, 0x2, 0x50, 0x0,

    /* U+005F "_" */
    0x7, 0x77, 0x77, 0x77, 0x77, 0x77, 0x77, 0x77,
    0x11, 0xff, 0xff, 0xff, 0xff, 0xff, 0xff, 0xff,
    0xf4, 0x1f, 0xff, 0xff, 0xff, 0xff, 0xff, 0xff,
    0xff, 0x41, 0xff, 0xff, 0xff, 0xff, 0xff, 0xff,
    0xff, 0xf4,

    /* U+0060 "`" */
    0x0, 0x27, 0x0, 0x2, 0xaf, 0xf3, 0x0, 0x7f,
    0xff, 0xb0, 0x0, 0xbf, 0xff, 0x30, 0x1, 0xef,
    0xfb, 0x0, 0x4, 0xff, 0xf3, 0x0, 0x8, 0xfd,
    0x40, 0x0, 0x4, 0x0,

    /* U+0061 "a" */
    0x0, 0x0, 0x5a, 0xde, 0xfe, 0xb7, 0x10, 0x0,
    0x0, 0x0, 0x3d, 0xff, 0xff, 0xff, 0xff, 0xe4,
    0x0, 0x0, 0x2, 0xff, 0xff, 0xff, 0xff, 0xff,
    0xff, 0x20, 0x0, 0x6, 0xff, 0xf9, 0x32, 0x26,
    0xef, 0xff, 0xa0, 0x0, 0x0, 0x3d, 0x30, 0x0,
    0x0, 0x5f, 0xff, 0xf0, 0x0, 0x0, 0x0, 0x0,
    0x0, 0x0, 0xf, 0xff, 0xf1, 0x0, 0x0, 0x0,
    0x0, 0x0, 0x0, 0xf, 0xff, 0xf1, 0x0, 0x0,
    0x3, 0x8c, 0xef, 0xff, 0xff, 0xff, 0xf2, 0x0,
    0x0, 0x9f, 0xff, 0xff, 0xff, 0xff, 0xff, 0xf2,
    0x0, 0x8, 0xff, 0xff, 0x97, 0x66, 0x6f, 0xff,
    0xf2, 0x0, 0xf, 0xff, 0xf3, 0x0, 0x0, 0xf,
    0xff, 0xf2, 0x0, 0x2f, 0xff, 0xe0, 0x0, 0x0,
    0xf, 0xff, 0xf2, 0x0, 0x2f, 0xff, 0xe0, 0x0,
    0x0, 0x3f, 0xff, 0xf2, 0x0, 0xf, 0xff, 0xf8,
    0x0, 0x4, 0xef, 0xff, 0xf3, 0x10, 0x9, 0xff,
    0xff, 0xfd, 0xff, 0xe8, 0xff, 0xff, 0xf1, 0x1,
    0xcf, 0xff, 0xff, 0xff, 0x42, 0xff, 0xff, 0xf1,
    0x0, 0x7, 0xcf, 0xfd, 0x92, 0x0, 0x4c, 0xff,
    0xf1,

    /* U+0062 "b" */
    0xcf, 0xff, 0x40, 0x0, 0x0, 0x0, 0x0, 0x0,
    0xcf, 0xff, 0x40, 0x0, 0x0, 0x0, 0x0, 0x0,
    0xcf, 0xff, 0x40, 0x0, 0x0, 0x0, 0x0, 0x0,
    0xcf, 0xff, 0x40, 0x0, 0x0, 0x0, 0x0, 0x0,
    0xcf, 0xff, 0x40, 0x0, 0x0, 0x0, 0x0, 0x0,
    0xcf, 0xff, 0x40, 0x0, 0x0, 0x0, 0x0, 0x0,
    0xcf, 0xff, 0x40, 0x0, 0x0, 0x0, 0x0, 0x0,
    0xcf, 0xff, 0x40, 0x2a, 0xdf, 0xea, 0x30, 0x0,
    0xcf, 0xff, 0x44, 0xff, 0xff, 0xff, 0xf7, 0x0,
    0xcf, 0xff, 0x5e, 0xff, 0xff, 0xff, 0xff, 0x40,
    0xcf, 0xff, 0xed, 0x75, 0x5a, 0xff, 0xff, 0xd0,
    0xcf, 0xff, 0xc0, 0x0, 0x0, 0x7f, 0xff, 0xf3,
    0xcf, 0xff, 0x60, 0x0, 0x0, 0xd, 0xff, 0xf7,
    0xcf, 0xff, 0x40, 0x0, 0x0, 0xa, 0xff, 0xfa,
    0xcf, 0xff, 0x40, 0x0, 0x0, 0x8, 0xff, 0xfb,
    0xcf, 0xff, 0x40, 0x0, 0x0, 0x8, 0xff, 0xfc,
    0xcf, 0xff, 0x40, 0x0, 0x0, 0x8, 0xff, 0xfb,
    0xcf, 0xff, 0x40, 0x0, 0x0, 0xa, 0xff, 0xfa,
    0xcf, 0xff, 0x60, 0x0, 0x0, 0xd, 0xff, 0xf7,
    0xcf, 0xff, 0xc0, 0x0, 0x0, 0x7f, 0xff, 0xf3,
    0xcf, 0xff, 0xed, 0x75, 0x5a, 0xff, 0xff, 0xd0,
    0xcf, 0xff, 0x5e, 0xff, 0xff, 0xff, 0xff, 0x40,
    0xcf, 0xff, 0x44, 0xff, 0xff, 0xff, 0xf7, 0x0,
    0xcf, 0xff, 0x40, 0x2a, 0xef, 0xea, 0x30, 0x0,

    /* U+0063 "c" */
    0x0, 0x0, 0x39, 0xdf, 0xfe, 0xb6, 0x0, 0x0,
    0x0, 0xa, 0xff, 0xff, 0xff, 0xff, 0xc1, 0x0,
    0x0, 0xcf, 0xff, 0xff, 0xff, 0xff, 0xfd, 0x0,
    0x9, 0xff, 0xff, 0xa6, 0x69, 0xff, 0xff, 0x80,
    0x1f, 0xff, 0xf5, 0x0, 0x0, 0x2e, 0xfb, 0x20,
    0x6f, 0xff, 0xc0, 0x0, 0x0, 0x4, 0x30, 0x0,
    0xaf, 0xff, 0x80, 0x0, 0x0, 0x0, 0x0, 0x0,
    0xcf, 0xff, 0x70, 0x0, 0x0, 0x0, 0x0, 0x0,
    0xdf, 0xff, 0x70, 0x0, 0x0, 0x0, 0x0, 0x0,
    0xcf, 0xff, 0x70, 0x0, 0x0, 0x0, 0x0, 0x0,
    0xaf, 0xff, 0x80, 0x0, 0x0, 0x0, 0x0, 0x0,
    0x6f, 0xff, 0xc0, 0x0, 0x0, 0x2, 0x70, 0x0,
    0x1f, 0xff, 0xf6, 0x0, 0x0, 0x1c, 0xfe, 0x50,
    0x9, 0xff, 0xff, 0xb6, 0x68, 0xef, 0xff, 0xc0,
    0x0, 0xcf, 0xff, 0xff, 0xff, 0xff, 0xff, 0x20,
    0x0, 0xa, 0xff, 0xff, 0xff, 0xff, 0xe2, 0x0,
    0x0, 0x0, 0x39, 0xdf, 0xfe, 0xb7, 0x0, 0x0,

    /* U+0064 "d" */
    0x0, 0x0, 0x0, 0x0, 0x0, 0x1, 0xff, 0xff,
    0x0, 0x0, 0x0, 0x0, 0x0, 0x1, 0xff, 0xff,
    0x0, 0x0, 0x0, 0x0, 0x0, 0x1, 0xff, 0xff,
    0x0, 0x0, 0x0, 0x0, 0x0, 0x1, 0xff, 0xff,
    0x0, 0x0, 0x0, 0x0, 0x0, 0x1, 0xff, 0xff,
    0x0, 0x0, 0x0, 0x0, 0x0, 0x1, 0xff, 0xff,
    0x0, 0x0, 0x0, 0x0, 0x0, 0x1, 0xff, 0xff,
    0x0, 0x1, 0x9d, 0xfe, 0xb4, 0x1, 0xff, 0xff,
    0x0, 0x4f, 0xff, 0xff, 0xff, 0x61, 0xff, 0xff,
    0x2, 0xff, 0xff, 0xff, 0xff, 0xf5, 0xff, 0xff,
    0xa, 0xff, 0xff, 0xc6, 0x46, 0xce, 0xff, 0xff,
    0xf, 0xff, 0xfa, 0x0, 0x0, 0xa, 0xff, 0xff,
    0x4f, 0xff, 0xf1, 0x0, 0x0, 0x2, 0xff, 0xff,
    0x7f, 0xff, 0xd0, 0x0, 0x0, 0x1, 0xff, 0xff,
    0x8f, 0xff, 0xb0, 0x0, 0x0, 0x1, 0xff, 0xff,
    0x8f, 0xff, 0xb0, 0x0, 0x0, 0x1, 0xff, 0xff,
    0x8f, 0xff, 0xb0, 0x0, 0x0, 0x1, 0xff, 0xff,
    0x6f, 0xff, 0xd0, 0x0, 0x0, 0x1, 0xff, 0xff,
    0x4f, 0xff, 0xf1, 0x0, 0x0, 0x2, 0xff, 0xff,
    0xf, 0xff, 0xfa, 0x0, 0x0, 0xa, 0xff, 0xff,
    0xa, 0xff, 0xff, 0xc6, 0x56, 0xce, 0xff, 0xff,
    0x2, 0xff, 0xff, 0xff, 0xff, 0xf4, 0xff, 0xff,
    0x0, 0x4f, 0xff, 0xff, 0xff, 0x61, 0xff, 0xff,
    0x0, 0x1, 0x9d, 0xfe, 0xb4, 0x1, 0xff, 0xff,

    /* U+0065 "e" */
    0x0, 0x0, 0x6, 0xbe, 0xfe, 0xc8, 0x10, 0x0,
    0x0, 0x0, 0x4e, 0xff, 0xff, 0xff, 0xff, 0x70,
    0x0, 0x0, 0x4f, 0xff, 0xff, 0xff, 0xff, 0xff,
    0x80, 0x0, 0xe, 0xff, 0xfa, 0x30, 0x27, 0xff,
    0xff, 0x30, 0x7, 0xff, 0xf9, 0x0, 0x0, 0x5,
    0xff, 0xfb, 0x0, 0xdf, 0xff, 0x10, 0x0, 0x0,
    0xd, 0xff, 0xf1, 0xf, 0xff, 0xe0, 0x0, 0x0,
    0x0, 0xbf, 0xff, 0x42, 0xff, 0xff, 0xff, 0xff,
    0xff, 0xff, 0xff, 0xf6, 0x3f, 0xff, 0xff, 0xff,
    0xff, 0xff, 0xff, 0xff, 0x62, 0xff, 0xfe, 0x88,
    0x88, 0x88, 0x88, 0x88, 0x83, 0x1f, 0xff, 0xe0,
    0x0, 0x0, 0x0, 0x0, 0x0, 0x0, 0xdf, 0xff,
    0x20, 0x0, 0x0, 0x0, 0x20, 0x0, 0x7, 0xff,
    0xfc, 0x0, 0x0, 0x0, 0x5f, 0x80, 0x0, 0x1e,
    0xff, 0xfd, 0x74, 0x46, 0xcf, 0xff, 0x80, 0x0,
    0x4f, 0xff, 0xff, 0xff, 0xff, 0xff, 0xf5, 0x0,
    0x0, 0x3e, 0xff, 0xff, 0xff, 0xff, 0xe4, 0x0,
    0x0, 0x0, 0x6, 0xbe, 0xff, 0xdb, 0x50, 0x0,
    0x0,

    /* U+0066 "f" */
    0x0, 0x0, 0x0, 0x6, 0xcf, 0xff, 0xff, 0xfa,
    0x0, 0x0, 0x0, 0x9f, 0xff, 0xff, 0xff, 0xfa,
    0x0, 0x0, 0x3, 0xff, 0xff, 0xff, 0xff, 0xfa,
    0x0, 0x0, 0x7, 0xff, 0xfa, 0x44, 0x44, 0x42,
    0x0, 0x0, 0x8, 0xff, 0xf8, 0x0, 0x0, 0x0,
    0x0, 0x0, 0x8, 0xff, 0xf8, 0x0, 0x0, 0x0,
    0x0, 0x0, 0x8, 0xff, 0xf8, 0x0, 0x0, 0x0,
    0xef, 0xff, 0xff, 0xff, 0xff, 0xff, 0xff, 0xfa,
    0xef, 0xff, 0xff, 0xff, 0xff, 0xff, 0xff, 0xfa,
    0xef, 0xff, 0xff, 0xff, 0xff, 0xff, 0xff, 0xfa,
    0x34, 0x44, 0x4a, 0xff, 0xfa, 0x44, 0x44, 0x42,
    0x0, 0x0, 0x8, 0xff, 0xf8, 0x0, 0x0, 0x0,
    0x0, 0x0, 0x8, 0xff, 0xf8, 0x0, 0x0, 0x0,
    0x0, 0x0, 0x8, 0xff, 0xf8, 0x0, 0x0, 0x0,
    0x0, 0x0, 0x8, 0xff, 0xf8, 0x0, 0x0, 0x0,
    0x0, 0x0, 0x8, 0xff, 0xf8, 0x0, 0x0, 0x0,
    0x0, 0x0, 0x8, 0xff, 0xf8, 0x0, 0x0, 0x0,
    0x0, 0x0, 0x8, 0xff, 0xf8, 0x0, 0x0, 0x0,
    0x0, 0x0, 0x8, 0xff, 0xf8, 0x0, 0x0, 0x0,
    0x0, 0x0, 0x8, 0xff, 0xf8, 0x0, 0x0, 0x0,
    0x24, 0x44, 0x4a, 0xff, 0xfa, 0x44, 0x44, 0x30,
    0x9f, 0xff, 0xff, 0xff, 0xff, 0xff, 0xff, 0xe0,
    0x9f, 0xff, 0xff, 0xff, 0xff, 0xff, 0xff, 0xe0,
    0x9f, 0xff, 0xff, 0xff, 0xff, 0xff, 0xff, 0xe0,

    /* U+0067 "g" */
    0x0, 0x0, 0x0, 0x0, 0x0, 0x0, 0x0, 0x11,
    0x10, 0x0, 0x0, 0x0, 0x0, 0x0, 0x0, 0xbf,
    0xff, 0xc0, 0x0, 0x0, 0x0, 0x0, 0x0, 0x6,
    0xff, 0xff, 0xc0, 0x0, 0x0, 0x0, 0x0, 0x0,
    0x8, 0xff, 0xff, 0xc0, 0x0, 0x0, 0x39, 0xcf,
    0xff, 0xff, 0xe0, 0x0, 0x0, 0x0, 0x9, 0xff,
    0xff, 0xff, 0xff, 0xfc, 0x10, 0x0, 0x0, 0x9f,
    0xff, 0xfd, 0xbd, 0xff, 0xff, 0xa0, 0x0, 0x2,
    0xff, 0xff, 0x30, 0x0, 0x4f, 0xff, 0xf2, 0x0,
    0x6, 0xff, 0xf8, 0x0, 0x0, 0xa, 0xff, 0xf5,
    0x0, 0x7, 0xff, 0xf7, 0x0, 0x0, 0x8, 0xff,
    0xf6, 0x0, 0x5, 0xff, 0xf8, 0x0, 0x0, 0xa,
    0xff, 0xf4, 0x0, 0x1, 0xff, 0xff, 0x30, 0x0,
    0x4f, 0xff, 0xf0, 0x0, 0x0, 0x8f, 0xff, 0xfd,
    0xbd, 0xff, 0xff, 0x60, 0x0, 0x0, 0x9, 0xff,
    0xff, 0xff, 0xff, 0xf7, 0x0, 0x0, 0x0, 0x2,
    0xbf, 0xdf, 0xfe, 0xc8, 0x20, 0x0, 0x0, 0x0,
    0x8f, 0xf2, 0x0, 0x0, 0x0, 0x0, 0x0, 0x0,
    0x2, 0xff, 0xd0, 0x0, 0x0, 0x0, 0x0, 0x0,
    0x0, 0x4, 0xff, 0xfa, 0x66, 0x66, 0x65, 0x42,
    0x0, 0x0, 0x1, 0xff, 0xff, 0xff, 0xff, 0xff,
    0xff, 0xd6, 0x0, 0x0, 0x4d, 0xff, 0xff, 0xff,
    0xff, 0xff, 0xff, 0x80, 0x0, 0x4b, 0xff, 0xff,
    0xff, 0xff, 0xff, 0xff, 0xf2, 0x9, 0xff, 0x90,
    0x0, 0x0, 0x0, 0x3d, 0xff, 0xf5, 0x2f, 0xff,
    0x30, 0x0, 0x0, 0x0, 0x7, 0xff, 0xf6, 0x4f,
    0xff, 0xa1, 0x0, 0x0, 0x0, 0x2d, 0xff, 0xf3,
    0x1f, 0xff, 0xff, 0xdc, 0xcc, 0xce, 0xff, 0xff,
    0xb0, 0x5, 0xff, 0xff, 0xff, 0xff, 0xff, 0xff,
    0xfa, 0x0, 0x0, 0x16, 0xad, 0xef, 0xff, 0xed,
    0xb7, 0x20, 0x0,

    /* U+0068 "h" */
    0x9f, 0xff, 0x80, 0x0, 0x0, 0x0, 0x0, 0x9,
    0xff, 0xf8, 0x0, 0x0, 0x0, 0x0, 0x0, 0x9f,
    0xff, 0x80, 0x0, 0x0, 0x0, 0x0, 0x9, 0xff,
    0xf8, 0x0, 0x0, 0x0, 0x0, 0x0, 0x9f, 0xff,
    0x80, 0x0, 0x0, 0x0, 0x0, 0x9, 0xff, 0xf8,
    0x0, 0x0, 0x0, 0x0, 0x0, 0x9f, 0xff, 0x80,
    0x0, 0x0, 0x0, 0x0, 0x9, 0xff, 0xf8, 0x2,
    0xad, 0xfe, 0xa2, 0x0, 0x9f, 0xff, 0x83, 0xff,
    0xff, 0xff, 0xf4, 0x9, 0xff, 0xf8, 0xdf, 0xff,
    0xff, 0xff, 0xf1, 0x9f, 0xff, 0xee, 0x74, 0x6b,
    0xff, 0xff, 0x89, 0xff, 0xfe, 0x10, 0x0, 0xb,
    0xff, 0xfc, 0x9f, 0xff, 0x80, 0x0, 0x0, 0x5f,
    0xff, 0xe9, 0xff, 0xf8, 0x0, 0x0, 0x3, 0xff,
    0xff, 0x9f, 0xff, 0x80, 0x0, 0x0, 0x2f, 0xff,
    0xf9, 0xff, 0xf8, 0x0, 0x0, 0x2, 0xff, 0xff,
    0x9f, 0xff, 0x80, 0x0, 0x0, 0x2f, 0xff, 0xf9,
    0xff, 0xf8, 0x0, 0x0, 0x2, 0xff, 0xff, 0x9f,
    0xff, 0x80, 0x0, 0x0, 0x2f, 0xff, 0xf9, 0xff,
    0xf8, 0x0, 0x0, 0x2, 0xff, 0xff, 0x9f, 0xff,
    0x80, 0x0, 0x0, 0x2f, 0xff, 0xf9, 0xff, 0xf8,
    0x0, 0x0, 0x2, 0xff, 0xff, 0x9f, 0xff, 0x80,
    0x0, 0x0, 0x2f, 0xff, 0xf9, 0xff, 0xf8, 0x0,
    0x0, 0x2, 0xff, 0xff,

    /* U+0069 "i" */
    0x0, 0x0, 0x4, 0xdf, 0xe6, 0x0, 0x0, 0x0,
    0x0, 0x0, 0xdf, 0xff, 0xf2, 0x0, 0x0, 0x0,
    0x0, 0xf, 0xff, 0xff, 0x30, 0x0, 0x0, 0x0,
    0x0, 0xdf, 0xff, 0xf1, 0x0, 0x0, 0x0, 0x0,
    0x3, 0xce, 0xd6, 0x0, 0x0, 0x0, 0x0, 0x0,
    0x0, 0x0, 0x0, 0x0, 0x0, 0x0, 0x0, 0x0,
    0x0, 0x0, 0x0, 0x0, 0xd, 0xff, 0xff, 0xff,
    0xff, 0xa0, 0x0, 0x0, 0xdf, 0xff, 0xff, 0xff,
    0xfa, 0x0, 0x0, 0xd, 0xff, 0xff, 0xff, 0xff,
    0xa0, 0x0, 0x0, 0x34, 0x44, 0x49, 0xff, 0xfa,
    0x0, 0x0, 0x0, 0x0, 0x0, 0x6f, 0xff, 0xa0,
    0x0, 0x0, 0x0, 0x0, 0x6, 0xff, 0xfa, 0x0,
    0x0, 0x0, 0x0, 0x0, 0x6f, 0xff, 0xa0, 0x0,
    0x0, 0x0, 0x0, 0x6, 0xff, 0xfa, 0x0, 0x0,
    0x0, 0x0, 0x0, 0x6f, 0xff, 0xa0, 0x0, 0x0,
    0x0, 0x0, 0x6, 0xff, 0xfa, 0x0, 0x0, 0x0,
    0x0, 0x0, 0x6f, 0xff, 0xa0, 0x0, 0x0, 0x0,
    0x0, 0x6, 0xff, 0xfa, 0x0, 0x0, 0x0, 0x0,
    0x0, 0x6f, 0xff, 0xa0, 0x0, 0x0, 0x34, 0x44,
    0x49, 0xff, 0xfc, 0x44, 0x44, 0x2d, 0xff, 0xff,
    0xff, 0xff, 0xff, 0xff, 0xfb, 0xdf, 0xff, 0xff,
    0xff, 0xff, 0xff, 0xff, 0xbd, 0xff, 0xff, 0xff,
    0xff, 0xff, 0xff, 0xfb,

    /* U+006A "j" */
    0x0, 0x0, 0x0, 0x1, 0xbf, 0xea, 0x0, 0x0,
    0x0, 0x0, 0x8f, 0xff, 0xf6, 0x0, 0x0, 0x0,
    0xa, 0xff, 0xff, 0x80, 0x0, 0x0, 0x0, 0x8f,
    0xff, 0xf6, 0x0, 0x0, 0x0, 0x1, 0xae, 0xe9,
    0x0, 0x0, 0x0, 0x0, 0x0, 0x0, 0x0, 0x0,
    0x0, 0x0, 0x0, 0x0, 0x0, 0x1, 0xff, 0xff,
    0xff, 0xff, 0xff, 0xf0, 0x1f, 0xff, 0xff, 0xff,
    0xff, 0xff, 0x1, 0xff, 0xff, 0xff, 0xff, 0xff,
    0xf0, 0x4, 0x44, 0x44, 0x45, 0xff, 0xff, 0x0,
    0x0, 0x0, 0x0, 0x2f, 0xff, 0xf0, 0x0, 0x0,
    0x0, 0x2, 0xff, 0xff, 0x0, 0x0, 0x0, 0x0,
    0x2f, 0xff, 0xf0, 0x0, 0x0, 0x0, 0x2, 0xff,
    0xff, 0x0, 0x0, 0x0, 0x0, 0x2f, 0xff, 0xf0,
    0x0, 0x0, 0x0, 0x2, 0xff, 0xff, 0x0, 0x0,
    0x0, 0x0, 0x2f, 0xff, 0xf0, 0x0, 0x0, 0x0,
    0x2, 0xff, 0xff, 0x0, 0x0, 0x0, 0x0, 0x2f,
    0xff, 0xf0, 0x0, 0x0, 0x0, 0x2, 0xff, 0xff,
    0x0, 0x0, 0x0, 0x0, 0x2f, 0xff, 0xf0, 0x0,
    0x0, 0x0, 0x2, 0xff, 0xff, 0x0, 0x0, 0x0,
    0x0, 0x2f, 0xff, 0xf0, 0x0, 0x0, 0x0, 0x2,
    0xff, 0xff, 0x0, 0x0, 0x0, 0x0, 0x2f, 0xff,
    0xf0, 0x3, 0x44, 0x44, 0x45, 0xff, 0xfd, 0x0,
    0xff, 0xff, 0xff, 0xff, 0xff, 0x90, 0xf, 0xff,
    0xff, 0xff, 0xff, 0xe1, 0x0, 0xff, 0xff, 0xff,
    0xfe, 0x91, 0x0,

    /* U+006B "k" */
    0x8f, 0xff, 0x90, 0x0, 0x0, 0x0, 0x0, 0x0,
    0x8, 0xff, 0xf9, 0x0, 0x0, 0x0, 0x0, 0x0,
    0x0, 0x8f, 0xff, 0x90, 0x0, 0x0, 0x0, 0x0,
    0x0, 0x8, 0xff, 0xf9, 0x0, 0x0, 0x0, 0x0,
    0x0, 0x0, 0x8f, 0xff, 0x90, 0x0, 0x0, 0x0,
    0x0, 0x0, 0x8, 0xff, 0xf9, 0x0, 0x0, 0x0,
    0x0, 0x0, 0x0, 0x8f, 0xff, 0x90, 0x0, 0x0,
    0x0, 0x0, 0x0, 0x8, 0xff, 0xf9, 0x0, 0x0,
    0x4, 0xff, 0xff, 0x70, 0x8f, 0xff, 0x90, 0x0,
    0x4, 0xff, 0xff, 0x80, 0x8, 0xff, 0xf9, 0x0,
    0x3, 0xff, 0xff, 0x80, 0x0, 0x8f, 0xff, 0x90,
    0x3, 0xff, 0xff, 0x80, 0x0, 0x8, 0xff, 0xf9,
    0x2, 0xef, 0xff, 0x90, 0x0, 0x0, 0x8f, 0xff,
    0x91, 0xef, 0xff, 0x90, 0x0, 0x0, 0x8, 0xff,
    0xfa, 0xdf, 0xff, 0xa0, 0x0, 0x0, 0x0, 0x8f,
    0xff, 0xff, 0xff, 0xfe, 0x10, 0x0, 0x0, 0x8,
    0xff, 0xff, 0xff, 0xff, 0xfb, 0x0, 0x0, 0x0,
    0x8f, 0xff, 0xfe, 0x6f, 0xff, 0xf6, 0x0, 0x0,
    0x8, 0xff, 0xfe, 0x20, 0x8f, 0xff, 0xf2, 0x0,
    0x0, 0x8f, 0xff, 0x90, 0x0, 0xdf, 0xff, 0xc0,
    0x0, 0x8, 0xff, 0xf9, 0x0, 0x3, 0xff, 0xff,
    0x80, 0x0, 0x8f, 0xff, 0x90, 0x0, 0x8, 0xff,
    0xff, 0x30, 0x8, 0xff, 0xf9, 0x0, 0x0, 0xd,
    0xff, 0xfd, 0x0, 0x8f, 0xff, 0x90, 0x0, 0x0,
    0x3f, 0xff, 0xfa, 0x8, 0xff, 0xf9, 0x0, 0x0,
    0x0, 0x8f, 0xff, 0xf5,

    /* U+006C "l" */
    0xbf, 0xff, 0xff, 0xff, 0xfa, 0x0, 0x0, 0xb,
    0xff, 0xff, 0xff, 0xff, 0xa0, 0x0, 0x0, 0xbf,
    0xff, 0xff, 0xff, 0xfa, 0x0, 0x0, 0x2, 0x44,
    0x44, 0x9f, 0xff, 0xa0, 0x0, 0x0, 0x0, 0x0,
    0x7, 0xff, 0xfa, 0x0, 0x0, 0x0, 0x0, 0x0,
    0x7f, 0xff, 0xa0, 0x0, 0x0, 0x0, 0x0, 0x7,
    0xff, 0xfa, 0x0, 0x0, 0x0, 0x0, 0x0, 0x7f,
    0xff, 0xa0, 0x0, 0x0, 0x0, 0x0, 0x7, 0xff,
    0xfa, 0x0, 0x0, 0x0, 0x0, 0x0, 0x7f, 0xff,
    0xa0, 0x0, 0x0, 0x0, 0x0, 0x7, 0xff, 0xfa,
    0x0, 0x0, 0x0, 0x0, 0x0, 0x7f, 0xff, 0xa0,
    0x0, 0x0, 0x0, 0x0, 0x7, 0xff, 0xfa, 0x0,
    0x0, 0x0, 0x0, 0x0, 0x7f, 0xff, 0xa0, 0x0,
    0x0, 0x0, 0x0, 0x7, 0xff, 0xfa, 0x0, 0x0,
    0x0, 0x0, 0x0, 0x7f, 0xff, 0xa0, 0x0, 0x0,
    0x0, 0x0, 0x7, 0xff, 0xfa, 0x0, 0x0, 0x0,
    0x0, 0x0, 0x7f, 0xff, 0xa0, 0x0, 0x0, 0x0,
    0x0, 0x7, 0xff, 0xfa, 0x0, 0x0, 0x0, 0x0,
    0x0, 0x7f, 0xff, 0xa0, 0x0, 0x0, 0x24, 0x44,
    0x49, 0xff, 0xfb, 0x44, 0x44, 0x3b, 0xff, 0xff,
    0xff, 0xff, 0xff, 0xff, 0xfe, 0xbf, 0xff, 0xff,
    0xff, 0xff, 0xff, 0xff, 0xeb, 0xff, 0xff, 0xff,
    0xff, 0xff, 0xff, 0xfe,

    /* U+006D "m" */
    0xdf, 0xf9, 0x9, 0xee, 0x80, 0x5, 0xdf, 0xd6,
    0xd, 0xff, 0x9a, 0xff, 0xff, 0x65, 0xff, 0xff,
    0xf4, 0xdf, 0xfc, 0xff, 0xff, 0xfc, 0xdf, 0xff,
    0xff, 0xad, 0xff, 0xf5, 0x2b, 0xff, 0xfd, 0x33,
    0xef, 0xfd, 0xdf, 0xfa, 0x0, 0x3f, 0xff, 0x60,
    0x8, 0xff, 0xfd, 0xff, 0x90, 0x1, 0xff, 0xf4,
    0x0, 0x6f, 0xff, 0xdf, 0xf9, 0x0, 0x1f, 0xff,
    0x40, 0x6, 0xff, 0xfd, 0xff, 0x90, 0x1, 0xff,
    0xf4, 0x0, 0x6f, 0xff, 0xdf, 0xf9, 0x0, 0x1f,
    0xff, 0x40, 0x6, 0xff, 0xfd, 0xff, 0x90, 0x1,
    0xff, 0xf4, 0x0, 0x6f, 0xff, 0xdf, 0xf9, 0x0,
    0x1f, 0xff, 0x40, 0x6, 0xff, 0xfd, 0xff, 0x90,
    0x1, 0xff, 0xf4, 0x0, 0x6f, 0xff, 0xdf, 0xf9,
    0x0, 0x1f, 0xff, 0x40, 0x6, 0xff, 0xfd, 0xff,
    0x90, 0x1, 0xff, 0xf4, 0x0, 0x6f, 0xff, 0xdf,
    0xf9, 0x0, 0x1f, 0xff, 0x40, 0x6, 0xff, 0xfd,
    0xff, 0x90, 0x1, 0xff, 0xf4, 0x0, 0x6f, 0xff,
    0xdf, 0xf9, 0x0, 0x1f, 0xff, 0x40, 0x6, 0xff,
    0xf0,

    /* U+006E "n" */
    0x9f, 0xff, 0x80, 0x2a, 0xdf, 0xea, 0x20, 0x9,
    0xff, 0xf8, 0x3f, 0xff, 0xff, 0xff, 0x40, 0x9f,
    0xff, 0x8d, 0xff, 0xff, 0xff, 0xff, 0x19, 0xff,
    0xfe, 0xe7, 0x46, 0xbf, 0xff, 0xf8, 0x9f, 0xff,
    0xe1, 0x0, 0x0, 0xbf, 0xff, 0xc9, 0xff, 0xf8,
    0x0, 0x0, 0x5, 0xff, 0xfe, 0x9f, 0xff, 0x80,
    0x0, 0x0, 0x3f, 0xff, 0xf9, 0xff, 0xf8, 0x0,
    0x0, 0x2, 0xff, 0xff, 0x9f, 0xff, 0x80, 0x0,
    0x0, 0x2f, 0xff, 0xf9, 0xff, 0xf8, 0x0, 0x0,
    0x2, 0xff, 0xff, 0x9f, 0xff, 0x80, 0x0, 0x0,
    0x2f, 0xff, 0xf9, 0xff, 0xf8, 0x0, 0x0, 0x2,
    0xff, 0xff, 0x9f, 0xff, 0x80, 0x0, 0x0, 0x2f,
    0xff, 0xf9, 0xff, 0xf8, 0x0, 0x0, 0x2, 0xff,
    0xff, 0x9f, 0xff, 0x80, 0x0, 0x0, 0x2f, 0xff,
    0xf9, 0xff, 0xf8, 0x0, 0x0, 0x2, 0xff, 0xff,
    0x9f, 0xff, 0x80, 0x0, 0x0, 0x2f, 0xff, 0xf0,

    /* U+006F "o" */
    0x0, 0x0, 0x17, 0xce, 0xfe, 0xc8, 0x20, 0x0,
    0x0, 0x0, 0x6f, 0xff, 0xff, 0xff, 0xff, 0x80,
    0x0, 0x0, 0x7f, 0xff, 0xff, 0xff, 0xff, 0xff,
    0xa0, 0x0, 0x3f, 0xff, 0xfb, 0x42, 0x49, 0xff,
    0xff, 0x60, 0xb, 0xff, 0xf9, 0x0, 0x0, 0x6,
    0xff, 0xfd, 0x0, 0xff, 0xff, 0x10, 0x0, 0x0,
    0xd, 0xff, 0xf3, 0x4f, 0xff, 0xd0, 0x0, 0x0,
    0x0, 0xaf, 0xff, 0x76, 0xff, 0xfc, 0x0, 0x0,
    0x0, 0x9, 0xff, 0xf9, 0x7f, 0xff, 0xc0, 0x0,
    0x0, 0x0, 0x9f, 0xff, 0xa6, 0xff, 0xfc, 0x0,
    0x0, 0x0, 0x9, 0xff, 0xf9, 0x4f, 0xff, 0xd0,
    0x0, 0x0, 0x0, 0xaf, 0xff, 0x70, 0xff, 0xff,
    0x10, 0x0, 0x0, 0xd, 0xff, 0xf3, 0xa, 0xff,
    0xf9, 0x0, 0x0, 0x6, 0xff, 0xfd, 0x0, 0x3f,
    0xff, 0xfb, 0x42, 0x49, 0xff, 0xff, 0x50, 0x0,
    0x7f, 0xff, 0xff, 0xff, 0xff, 0xff, 0xa0, 0x0,
    0x0, 0x6f, 0xff, 0xff, 0xff, 0xff, 0x80, 0x0,
    0x0, 0x0, 0x17, 0xce, 0xfe, 0xc8, 0x20, 0x0,
    0x0,

    /* U+0070 "p" */
    0xcf, 0xff, 0x40, 0x2a, 0xdf, 0xea, 0x30, 0x0,
    0xcf, 0xff, 0x44, 0xff, 0xff, 0xff, 0xf7, 0x0,
    0xcf, 0xff, 0x5e, 0xff, 0xff, 0xff, 0xff, 0x40,
    0xcf, 0xff, 0xed, 0x75, 0x5a, 0xff, 0xff, 0xd0,
    0xcf, 0xff, 0xc0, 0x0, 0x0, 0x7f, 0xff, 0xf3,
    0xcf, 0xff, 0x60, 0x0, 0x0, 0xd, 0xff, 0xf7,
    0xcf, 0xff, 0x40, 0x0, 0x0, 0xa, 0xff, 0xfa,
    0xcf, 0xff, 0x40, 0x0, 0x0, 0x8, 0xff, 0xfb,
    0xcf, 0xff, 0x40, 0x0, 0x0, 0x8, 0xff, 0xfc,
    0xcf, 0xff, 0x40, 0x0, 0x0, 0x8, 0xff, 0xfb,
    0xcf, 0xff, 0x40, 0x0, 0x0, 0xa, 0xff, 0xfa,
    0xcf, 0xff, 0x60, 0x0, 0x0, 0xd, 0xff, 0xf7,
    0xcf, 0xff, 0xc0, 0x0, 0x0, 0x7f, 0xff, 0xf3,
    0xcf, 0xff, 0xed, 0x75, 0x5a, 0xff, 0xff, 0xd0,
    0xcf, 0xff, 0x5e, 0xff, 0xff, 0xff, 0xff, 0x40,
    0xcf, 0xff, 0x44, 0xff, 0xff, 0xff, 0xf7, 0x0,
    0xcf, 0xff, 0x40, 0x2a, 0xef, 0xea, 0x30, 0x0,
    0xcf, 0xff, 0x40, 0x0, 0x0, 0x0, 0x0, 0x0,
    0xcf, 0xff, 0x40, 0x0, 0x0, 0x0, 0x0, 0x0,
    0xcf, 0xff, 0x40, 0x0, 0x0, 0x0, 0x0, 0x0,
    0xcf, 0xff, 0x40, 0x0, 0x0, 0x0, 0x0, 0x0,
    0xcf, 0xff, 0x40, 0x0, 0x0, 0x0, 0x0, 0x0,
    0xcf, 0xff, 0x40, 0x0, 0x0, 0x0, 0x0, 0x0,

    /* U+0071 "q" */
    0x0, 0x1, 0x9d, 0xfe, 0xb4, 0x1, 0xff, 0xff,
    0x0, 0x4f, 0xff, 0xff, 0xff, 0x61, 0xff, 0xff,
    0x2, 0xff, 0xff, 0xff, 0xff, 0xf5, 0xff, 0xff,
    0xa, 0xff, 0xff, 0xc6, 0x46, 0xce, 0xff, 0xff,
    0xf, 0xff, 0xfa, 0x0, 0x0, 0xa, 0xff, 0xff,
    0x4f, 0xff, 0xf1, 0x0, 0x0, 0x2, 0xff, 0xff,
    0x7f, 0xff, 0xd0, 0x0, 0x0, 0x1, 0xff, 0xff,
    0x8f, 0xff, 0xb0, 0x0, 0x0, 0x1, 0xff, 0xff,
    0x8f, 0xff, 0xb0, 0x0, 0x0, 0x1, 0xff, 0xff,
    0x8f, 0xff, 0xb0, 0x0, 0x0, 0x1, 0xff, 0xff,
    0x6f, 0xff, 0xd0, 0x0, 0x0, 0x1, 0xff, 0xff,
    0x4f, 0xff, 0xf1, 0x0, 0x0, 0x2, 0xff, 0xff,
    0xf, 0xff, 0xfa, 0x0, 0x0, 0xa, 0xff, 0xff,
    0xa, 0xff, 0xff, 0xc6, 0x56, 0xce, 0xff, 0xff,
    0x2, 0xff, 0xff, 0xff, 0xff, 0xf4, 0xff, 0xff,
    0x0, 0x4f, 0xff, 0xff, 0xff, 0x61, 0xff, 0xff,
    0x0, 0x1, 0x9d, 0xfe, 0xb4, 0x1, 0xff, 0xff,
    0x0, 0x0, 0x0, 0x0, 0x0, 0x1, 0xff, 0xff,
    0x0, 0x0, 0x0, 0x0, 0x0, 0x1, 0xff, 0xff,
    0x0, 0x0, 0x0, 0x0, 0x0, 0x1, 0xff, 0xff,
    0x0, 0x0, 0x0, 0x0, 0x0, 0x1, 0xff, 0xff,
    0x0, 0x0, 0x0, 0x0, 0x0, 0x1, 0xff, 0xff,
    0x0, 0x0, 0x0, 0x0, 0x0, 0x1, 0xff, 0xff,

    /* U+0072 "r" */
    0x9f, 0xff, 0xff, 0xff, 0x90, 0x5, 0xcf, 0xff,
    0x9f, 0xff, 0xff, 0xff, 0x90, 0x8f, 0xff, 0xff,
    0x9f, 0xff, 0xff, 0xff, 0x94, 0xff, 0xff, 0xff,
    0x24, 0x44, 0xaf, 0xff, 0x9c, 0xff, 0xee, 0xed,
    0x0, 0x0, 0x8f, 0xff, 0xcf, 0x60, 0x0, 0x0,
    0x0, 0x0, 0x8f, 0xff, 0xf4, 0x0, 0x0, 0x0,
    0x0, 0x0, 0x8f, 0xff, 0xd0, 0x0, 0x0, 0x0,
    0x0, 0x0, 0x8f, 0xff, 0xa0, 0x0, 0x0, 0x0,
    0x0, 0x0, 0x8f, 0xff, 0x90, 0x0, 0x0, 0x0,
    0x0, 0x0, 0x8f, 0xff, 0x90, 0x0, 0x0, 0x0,
    0x0, 0x0, 0x8f, 0xff, 0x90, 0x0, 0x0, 0x0,
    0x0, 0x0, 0x8f, 0xff, 0x90, 0x0, 0x0, 0x0,
    0x0, 0x0, 0x8f, 0xff, 0x90, 0x0, 0x0, 0x0,
    0x24, 0x44, 0xaf, 0xff, 0xb4, 0x44, 0x44, 0x10,
    0x9f, 0xff, 0xff, 0xff, 0xff, 0xff, 0xff, 0x50,
    0x9f, 0xff, 0xff, 0xff, 0xff, 0xff, 0xff, 0x50,
    0x9f, 0xff, 0xff, 0xff, 0xff, 0xff, 0xff, 0x50,

    /* U+0073 "s" */
    0x0, 0x0, 0x28, 0xce, 0xff, 0xeb, 0x71, 0x0,
    0x0, 0x8, 0xff, 0xff, 0xff, 0xff, 0xff, 0x80,
    0x0, 0x8f, 0xff, 0xff, 0xff, 0xff, 0xff, 0xf7,
    0x1, 0xff, 0xff, 0x81, 0x0, 0x27, 0xef, 0xd1,
    0x4, 0xff, 0xfc, 0x0, 0x0, 0x0, 0x1a, 0x10,
    0x5, 0xff, 0xfd, 0x0, 0x0, 0x0, 0x0, 0x0,
    0x2, 0xff, 0xff, 0xd8, 0x52, 0x0, 0x0, 0x0,
    0x0, 0xbf, 0xff, 0xff, 0xff, 0xfc, 0x82, 0x0,
    0x0, 0x1b, 0xff, 0xff, 0xff, 0xff, 0xff, 0x80,
    0x0, 0x0, 0x38, 0xcf, 0xff, 0xff, 0xff, 0xf6,
    0x0, 0x0, 0x0, 0x0, 0x24, 0x7e, 0xff, 0xfd,
    0x0, 0x1, 0x0, 0x0, 0x0, 0x2, 0xff, 0xff,
    0x0, 0xbd, 0x20, 0x0, 0x0, 0x3, 0xff, 0xfe,
    0xc, 0xff, 0xf9, 0x41, 0x1, 0x5d, 0xff, 0xf9,
    0x9, 0xff, 0xff, 0xff, 0xff, 0xff, 0xff, 0xf1,
    0x0, 0x6e, 0xff, 0xff, 0xff, 0xff, 0xfd, 0x30,
    0x0, 0x0, 0x5a, 0xde, 0xff, 0xda, 0x50, 0x0,

    /* U+0074 "t" */
    0x0, 0x0, 0x9, 0xff, 0xf3, 0x0, 0x0, 0x0,
    0x0, 0x0, 0x9, 0xff, 0xf3, 0x0, 0x0, 0x0,
    0x0, 0x0, 0x9, 0xff, 0xf3, 0x0, 0x0, 0x0,
    0x0, 0x0, 0x9, 0xff, 0xf3, 0x0, 0x0, 0x0,
    0x0, 0x0, 0x2e, 0xff, 0xf3, 0x0, 0x0, 0x0,
    0xbf, 0xff, 0xff, 0xff, 0xff, 0xff, 0xff, 0xfe,
    0xbf, 0xff, 0xff, 0xff, 0xff, 0xff, 0xff, 0xfe,
    0xbf, 0xff, 0xff, 0xff, 0xff, 0xff, 0xff, 0xfe,
    0x24, 0x44, 0x4e, 0xff, 0xf6, 0x44, 0x44, 0x43,
    0x0, 0x0, 0xe, 0xff, 0xf3, 0x0, 0x0, 0x0,
    0x0, 0x0, 0xe, 0xff, 0xf3, 0x0, 0x0, 0x0,
    0x0, 0x0, 0xe, 0xff, 0xf3, 0x0, 0x0, 0x0,
    0x0, 0x0, 0xe, 0xff, 0xf3, 0x0, 0x0, 0x0,
    0x0, 0x0, 0xe, 0xff, 0xf3, 0x0, 0x0, 0x0,
    0x0, 0x0, 0xe, 0xff, 0xf3, 0x0, 0x0, 0x0,
    0x0, 0x0, 0xe, 0xff, 0xf3, 0x0, 0x0, 0x0,
    0x0, 0x0, 0xe, 0xff, 0xf3, 0x0, 0x0, 0x0,
    0x0, 0x0, 0xe, 0xff, 0xf3, 0x0, 0x0, 0x0,
    0x0, 0x0, 0xc, 0xff, 0xf6, 0x44, 0x44, 0x43,
    0x0, 0x0, 0x7, 0xff, 0xff, 0xff, 0xff, 0xfe,
    0x0, 0x0, 0x0, 0xdf, 0xff, 0xff, 0xff, 0xfe,
    0x0, 0x0, 0x0, 0x19, 0xef, 0xff, 0xff, 0xfe,

    /* U+0075 "u" */
    0xcf, 0xff, 0x50, 0x0, 0x0, 0x4f, 0xff, 0xcc,
    0xff, 0xf5, 0x0, 0x0, 0x4, 0xff, 0xfc, 0xcf,
    0xff, 0x50, 0x0, 0x0, 0x4f, 0xff, 0xcc, 0xff,
    0xf5, 0x0, 0x0, 0x4, 0xff, 0xfc, 0xcf, 0xff,
    0x50, 0x0, 0x0, 0x4f, 0xff, 0xcc, 0xff, 0xf5,
    0x0, 0x0, 0x4, 0xff, 0xfc, 0xcf, 0xff, 0x50,
    0x0, 0x0, 0x4f, 0xff, 0xcc, 0xff, 0xf5, 0x0,
    0x0, 0x4, 0xff, 0xfc, 0xcf, 0xff, 0x50, 0x0,
    0x0, 0x4f, 0xff, 0xcc, 0xff, 0xf5, 0x0, 0x0,
    0x4, 0xff, 0xfc, 0xcf, 0xff, 0x60, 0x0, 0x0,
    0x4f, 0xff, 0xcb, 0xff, 0xf8, 0x0, 0x0, 0x5,
    0xff, 0xfc, 0x9f, 0xff, 0xe0, 0x0, 0x0, 0xcf,
    0xff, 0xc5, 0xff, 0xff, 0xd6, 0x46, 0xde, 0xff,
    0xfc, 0xd, 0xff, 0xff, 0xff, 0xff, 0x6f, 0xff,
    0xc0, 0x2e, 0xff, 0xff, 0xff, 0x54, 0xff, 0xfc,
    0x0, 0x18, 0xdf, 0xeb, 0x30, 0x4f, 0xff, 0xc0,

    /* U+0076 "v" */
    0x9f, 0xff, 0xa0, 0x0, 0x0, 0x0, 0x4f, 0xff,
    0xc4, 0xff, 0xff, 0x0, 0x0, 0x0, 0x9, 0xff,
    0xf7, 0xe, 0xff, 0xf4, 0x0, 0x0, 0x0, 0xef,
    0xff, 0x10, 0x9f, 0xff, 0x90, 0x0, 0x0, 0x3f,
    0xff, 0xc0, 0x3, 0xff, 0xfe, 0x0, 0x0, 0x8,
    0xff, 0xf6, 0x0, 0xd, 0xff, 0xf3, 0x0, 0x0,
    0xdf, 0xff, 0x10, 0x0, 0x8f, 0xff, 0x70, 0x0,
    0x2f, 0xff, 0xb0, 0x0, 0x2, 0xff, 0xfc, 0x0,
    0x7, 0xff, 0xf5, 0x0, 0x0, 0xd, 0xff, 0xf1,
    0x0, 0xbf, 0xff, 0x0, 0x0, 0x0, 0x7f, 0xff,
    0x60, 0xf, 0xff, 0xa0, 0x0, 0x0, 0x2, 0xff,
    0xfa, 0x5, 0xff, 0xf5, 0x0, 0x0, 0x0, 0xc,
    0xff, 0xf0, 0xaf, 0xff, 0x0, 0x0, 0x0, 0x0,
    0x6f, 0xff, 0x4e, 0xff, 0xa0, 0x0, 0x0, 0x0,
    0x1, 0xff, 0xfd, 0xff, 0xf4, 0x0, 0x0, 0x0,
    0x0, 0xb, 0xff, 0xff, 0xfe, 0x0, 0x0, 0x0,
    0x0, 0x0, 0x6f, 0xff, 0xff, 0x90, 0x0, 0x0,
    0x0, 0x0, 0x1, 0xff, 0xff, 0xf3, 0x0, 0x0,
    0x0,

    /* U+0077 "w" */
    0x7f, 0xfe, 0x0, 0x4, 0xff, 0xf9, 0x0, 0x9,
    0xff, 0xa5, 0xff, 0xf0, 0x0, 0x6f, 0xff, 0xc0,
    0x0, 0xaf, 0xf9, 0x3f, 0xff, 0x10, 0x9, 0xff,
    0xff, 0x0, 0xc, 0xff, 0x71, 0xff, 0xf3, 0x0,
    0xbf, 0xff, 0xf1, 0x0, 0xef, 0xf5, 0xf, 0xff,
    0x50, 0xe, 0xfc, 0xff, 0x40, 0xf, 0xff, 0x30,
    0xdf, 0xf6, 0x1, 0xff, 0x5f, 0xf6, 0x1, 0xff,
    0xf1, 0xb, 0xff, 0x80, 0x3f, 0xf2, 0xef, 0x90,
    0x2f, 0xff, 0x0, 0x9f, 0xf9, 0x6, 0xff, 0xc,
    0xfb, 0x4, 0xff, 0xd0, 0x7, 0xff, 0xb0, 0x8f,
    0xd0, 0x9f, 0xe0, 0x6f, 0xfb, 0x0, 0x5f, 0xfd,
    0xb, 0xfa, 0x7, 0xff, 0x7, 0xff, 0x90, 0x3,
    0xff, 0xe0, 0xdf, 0x80, 0x4f, 0xf3, 0x9f, 0xf7,
    0x0, 0x1f, 0xff, 0xf, 0xf5, 0x2, 0xff, 0x5b,
    0xff, 0x50, 0x0, 0xff, 0xf4, 0xff, 0x30, 0xf,
    0xf8, 0xcf, 0xf3, 0x0, 0xe, 0xff, 0x9f, 0xf0,
    0x0, 0xdf, 0xae, 0xff, 0x10, 0x0, 0xcf, 0xff,
    0xfe, 0x0, 0xb, 0xff, 0xff, 0xf0, 0x0, 0xa,
    0xff, 0xff, 0xb0, 0x0, 0x8f, 0xff, 0xfd, 0x0,
    0x0, 0x8f, 0xff, 0xf9, 0x0, 0x6, 0xff, 0xff,
    0xb0, 0x0,

    /* U+0078 "x" */
    0x3f, 0xff, 0xf7, 0x0, 0x0, 0x0, 0xef, 0xff,
    0x60, 0x8, 0xff, 0xff, 0x20, 0x0, 0x9, 0xff,
    0xfb, 0x0, 0x0, 0xcf, 0xff, 0xc0, 0x0, 0x4f,
    0xff, 0xe1, 0x0, 0x0, 0x2f, 0xff, 0xf7, 0x0,
    0xdf, 0xff, 0x40, 0x0, 0x0, 0x6, 0xff, 0xff,
    0x28, 0xff, 0xf8, 0x0, 0x0, 0x0, 0x0, 0xbf,
    0xff, 0xdf, 0xff, 0xd0, 0x0, 0x0, 0x0, 0x0,
    0x1e, 0xff, 0xff, 0xff, 0x20, 0x0, 0x0, 0x0,
    0x0, 0x5, 0xff, 0xff, 0xf6, 0x0, 0x0, 0x0,
    0x0, 0x0, 0x0, 0xef, 0xff, 0xf3, 0x0, 0x0,
    0x0, 0x0, 0x0, 0x8, 0xff, 0xff, 0xfd, 0x0,
    0x0, 0x0, 0x0, 0x0, 0x4f, 0xff, 0xff, 0xff,
    0x90, 0x0, 0x0, 0x0, 0x1, 0xef, 0xff, 0x6f,
    0xff, 0xf4, 0x0, 0x0, 0x0, 0xa, 0xff, 0xf7,
    0x9, 0xff, 0xfe, 0x10, 0x0, 0x0, 0x6f, 0xff,
    0xc0, 0x0, 0xef, 0xff, 0xa0, 0x0, 0x2, 0xff,
    0xff, 0x20, 0x0, 0x4f, 0xff, 0xf5, 0x0, 0xc,
    0xff, 0xf7, 0x0, 0x0, 0x9, 0xff, 0xff, 0x10,
    0x8f, 0xff, 0xc0, 0x0, 0x0, 0x1, 0xef, 0xff,
    0xc0,

    /* U+0079 "y" */
    0xd, 0xff, 0xf7, 0x0, 0x0, 0x0, 0x1, 0xff,
    0xff, 0x10, 0x7f, 0xff, 0xd0, 0x0, 0x0, 0x0,
    0x7f, 0xff, 0xa0, 0x1, 0xff, 0xff, 0x30, 0x0,
    0x0, 0xd, 0xff, 0xf4, 0x0, 0xa, 0xff, 0xf8,
    0x0, 0x0, 0x2, 0xff, 0xfd, 0x0, 0x0, 0x4f,
    0xff, 0xe0, 0x0, 0x0, 0x8f, 0xff, 0x70, 0x0,
    0x0, 0xdf, 0xff, 0x40, 0x0, 0xe, 0xff, 0xf1,
    0x0, 0x0, 0x7, 0xff, 0xfa, 0x0, 0x4, 0xff,
    0xfa, 0x0, 0x0, 0x0, 0x1f, 0xff, 0xf0, 0x0,
    0xaf, 0xff, 0x30, 0x0, 0x0, 0x0, 0xaf, 0xff,
    0x50, 0xf, 0xff, 0xd0, 0x0, 0x0, 0x0, 0x3,
    0xff, 0xfa, 0x4, 0xff, 0xf6, 0x0, 0x0, 0x0,
    0x0, 0xd, 0xff, 0xf0, 0xaf, 0xff, 0x10, 0x0,
    0x0, 0x0, 0x0, 0x6f, 0xff, 0x5f, 0xff, 0x90,
    0x0, 0x0, 0x0, 0x0, 0x0, 0xff, 0xff, 0xff,
    0xf3, 0x0, 0x0, 0x0, 0x0, 0x0, 0x9, 0xff,
    0xff, 0xfd, 0x0, 0x0, 0x0, 0x0, 0x0, 0x0,
    0x3f, 0xff, 0xff, 0x60, 0x0, 0x0, 0x0, 0x0,
    0x0, 0x0, 0xcf, 0xff, 0xf0, 0x0, 0x0, 0x0,
    0x0, 0x0, 0x0, 0x8, 0xff, 0xf9, 0x0, 0x0,
    0x0, 0x0, 0x0, 0x0, 0x0, 0xdf, 0xff, 0x30,
    0x0, 0x0, 0x0, 0x0, 0x0, 0x0, 0x3f, 0xff,
    0xc0, 0x0, 0x0, 0x0, 0x0, 0x2, 0x44, 0x4a,
    0xff, 0xf6, 0x0, 0x0, 0x0, 0x0, 0x0, 0x9f,
    0xff, 0xff, 0xfd, 0x0, 0x0, 0x0, 0x0, 0x0,
    0x9, 0xff, 0xff, 0xff, 0x30, 0x0, 0x0, 0x0,
    0x0, 0x0, 0x9f, 0xff, 0xda, 0x20, 0x0, 0x0,
    0x0, 0x0, 0x0,

    /* U+007A "z" */
    0x6f, 0xff, 0xff, 0xff, 0xff, 0xff, 0xff, 0x96,
    0xff, 0xff, 0xff, 0xff, 0xff, 0xff, 0xf9, 0x6f,
    0xff, 0xff, 0xff, 0xff, 0xff, 0xff, 0x91, 0x44,
    0x44, 0x44, 0x44, 0x9f, 0xff, 0xf7, 0x0, 0x0,
    0x0, 0x0, 0x4f, 0xff, 0xfa, 0x0, 0x0, 0x0,
    0x0, 0x3f, 0xff, 0xfb, 0x0, 0x0, 0x0, 0x0,
    0x3f, 0xff, 0xfc, 0x0, 0x0, 0x0, 0x0, 0x2e,
    0xff, 0xfc, 0x0, 0x0, 0x0, 0x0, 0x2e, 0xff,
    0xfd, 0x10, 0x0, 0x0, 0x0, 0x1d, 0xff, 0xfd,
    0x10, 0x0, 0x0, 0x0, 0x1d, 0xff, 0xfe, 0x20,
    0x0, 0x0, 0x0, 0xc, 0xff, 0xfe, 0x20, 0x0,
    0x0, 0x0, 0xb, 0xff, 0xff, 0x30, 0x0, 0x0,
    0x0, 0x9, 0xff, 0xff, 0x74, 0x44, 0x44, 0x44,
    0x43, 0xbf, 0xff, 0xff, 0xff, 0xff, 0xff, 0xff,
    0xeb, 0xff, 0xff, 0xff, 0xff, 0xff, 0xff, 0xfe,
    0xbf, 0xff, 0xff, 0xff, 0xff, 0xff, 0xff, 0xe0,

    /* U+007B "{" */
    0x0, 0x0, 0x19, 0xef, 0xff, 0xff, 0xf2, 0x0,
    0x0, 0xbf, 0xff, 0xff, 0xff, 0xf2, 0x0, 0x1,
    0xff, 0xfd, 0xdd, 0xdd, 0xd1, 0x0, 0x2, 0xff,
    0xf2, 0x0, 0x0, 0x0, 0x0, 0x2, 0xff, 0xf2,
    0x0, 0x0, 0x0, 0x0, 0x1, 0xff, 0xf3, 0x0,
    0x0, 0x0, 0x0, 0x0, 0xef, 0xf7, 0x0, 0x0,
    0x0, 0x0, 0x0, 0x8f, 0xff, 0x20, 0x0, 0x0,
    0x0, 0x0, 0xd, 0xff, 0xc0, 0x0, 0x0, 0x0,
    0x0, 0x2, 0xff, 0xf7, 0x0, 0x0, 0x0, 0x0,
    0x0, 0x9f, 0xfd, 0x0, 0x0, 0x0, 0x0, 0x0,
    0x8f, 0xfd, 0x0, 0x0, 0x0, 0x0, 0x5, 0xef,
    0xf9, 0x0, 0x0, 0xcd, 0xde, 0xff, 0xff, 0xb1,
    0x0, 0x0, 0xef, 0xff, 0xff, 0xb3, 0x0, 0x0,
    0x0, 0xef, 0xff, 0xff, 0xff, 0x80, 0x0, 0x0,
    0x0, 0x0, 0x27, 0xff, 0xf8, 0x0, 0x0, 0x0,
    0x0, 0x0, 0x8f, 0xfd, 0x0, 0x0, 0x0, 0x0,
    0x0, 0x8f, 0xfd, 0x0, 0x0, 0x0, 0x0, 0x1,
    0xef, 0xf8, 0x0, 0x0, 0x0, 0x0, 0xc, 0xff,
    0xd0, 0x0, 0x0, 0x0, 0x0, 0x7f, 0xff, 0x30,
    0x0, 0x0, 0x0, 0x0, 0xef, 0xf8, 0x0, 0x0,
    0x0, 0x0, 0x1, 0xff, 0xf3, 0x0, 0x0, 0x0,
    0x0, 0x2, 0xff, 0xf2, 0x0, 0x0, 0x0, 0x0,
    0x2, 0xff, 0xf2, 0x0, 0x0, 0x0, 0x0, 0x1,
    0xff, 0xfd, 0xdd, 0xdd, 0xd1, 0x0, 0x0, 0xbf,
    0xff, 0xff, 0xff, 0xf2, 0x0, 0x0, 0x1a, 0xef,
    0xff, 0xff, 0xf2,

    /* U+007C "|" */
    0x2e, 0xee, 0x52, 0xff, 0xf5, 0x2f, 0xff, 0x52,
    0xff, 0xf5, 0x2f, 0xff, 0x52, 0xff, 0xf5, 0x2f,
    0xff, 0x52, 0xff, 0xf5, 0x2f, 0xff, 0x52, 0xff,
    0xf5, 0x2f, 0xff, 0x52, 0xff, 0xf5, 0x2f, 0xff,
    0x52, 0xff, 0xf5, 0x2f, 0xff, 0x52, 0xff, 0xf5,
    0x2f, 0xff, 0x52, 0xff, 0xf5, 0x2f, 0xff, 0x52,
    0xff, 0xf5, 0x2f, 0xff, 0x52, 0xff, 0xf5, 0x2f,
    0xff, 0x52, 0xff, 0xf5, 0x2f, 0xff, 0x52, 0xff,
    0xf5, 0x2f, 0xff, 0x52, 0xff, 0xf5, 0x2f, 0xff,
    0x50,

    /* U+007D "}" */
    0xef, 0xff, 0xff, 0xfb, 0x20, 0x0, 0x0, 0xef,
    0xff, 0xff, 0xff, 0xd0, 0x0, 0x0, 0xcd, 0xdd,
    0xdd, 0xff, 0xf4, 0x0, 0x0, 0x0, 0x0, 0x0,
    0xff, 0xf6, 0x0, 0x0, 0x0, 0x0, 0x0, 0xff,
    0xf6, 0x0, 0x0, 0x0, 0x0, 0x0, 0xff, 0xf4,
    0x0, 0x0, 0x0, 0x0, 0x4, 0xff, 0xf2, 0x0,
    0x0, 0x0, 0x0, 0xd, 0xff, 0xb0, 0x0, 0x0,
    0x0, 0x0, 0x9f, 0xfe, 0x20, 0x0, 0x0, 0x0,
    0x4, 0xff, 0xf4, 0x0, 0x0, 0x0, 0x0, 0xa,
    0xff, 0xc0, 0x0, 0x0, 0x0, 0x0, 0xa, 0xff,
    0xb0, 0x0, 0x0, 0x0, 0x0, 0x6, 0xff, 0xf6,
    0x0, 0x0, 0x0, 0x0, 0x0, 0x9f, 0xff, 0xfe,
    0xdd, 0xd1, 0x0, 0x0, 0x2, 0x9f, 0xff, 0xff,
    0xf2, 0x0, 0x0, 0x6f, 0xff, 0xff, 0xff, 0xf2,
    0x0, 0x5, 0xff, 0xf9, 0x31, 0x0, 0x0, 0x0,
    0xa, 0xff, 0xb0, 0x0, 0x0, 0x0, 0x0, 0xa,
    0xff, 0xb0, 0x0, 0x0, 0x0, 0x0, 0x5, 0xff,
    0xf3, 0x0, 0x0, 0x0, 0x0, 0x0, 0xaf, 0xfe,
    0x10, 0x0, 0x0, 0x0, 0x0, 0x1e, 0xff, 0xa0,
    0x0, 0x0, 0x0, 0x0, 0x5, 0xff, 0xf1, 0x0,
    0x0, 0x0, 0x0, 0x0, 0xff, 0xf4, 0x0, 0x0,
    0x0, 0x0, 0x0, 0xff, 0xf6, 0x0, 0x0, 0x0,
    0x0, 0x0, 0xff, 0xf6, 0x0, 0x0, 0xcd, 0xdd,
    0xdd, 0xff, 0xf4, 0x0, 0x0, 0xef, 0xff, 0xff,
    0xff, 0xd0, 0x0, 0x0, 0xef, 0xff, 0xff, 0xfb,
    0x20, 0x0, 0x0,

    /* U+007E "~" */
    0x0, 0x7, 0xdf, 0xd7, 0x0, 0x0, 0x1, 0x85,
    0x20, 0xa, 0xff, 0xff, 0xfb, 0x0, 0x0, 0x4f,
    0xfc, 0x5, 0xff, 0xff, 0xff, 0xfa, 0x0, 0x8,
    0xff, 0x90, 0xcf, 0xfc, 0x8e, 0xff, 0xf5, 0x0,
    0xef, 0xf5, 0x2f, 0xff, 0x10, 0x3f, 0xff, 0xf8,
    0xbf, 0xff, 0x6, 0xff, 0xb0, 0x0, 0x6f, 0xff,
    0xff, 0xff, 0x80, 0x9f, 0xf7, 0x0, 0x0, 0x8f,
    0xff, 0xff, 0xd0, 0x1, 0x47, 0x30, 0x0, 0x0,
    0x6d, 0xfe, 0x91, 0x0
};


/*---------------------
 *  GLYPH DESCRIPTION
 *--------------------*/

static const lv_font_fmt_txt_glyph_dsc_t glyph_dsc[] = {
    {.bitmap_index = 0, .adv_w = 0, .box_w = 0, .box_h = 0, .ofs_x = 0, .ofs_y = 0} /* id = 0 reserved */,
    {.bitmap_index = 0, .adv_w = 307, .box_w = 0, .box_h = 0, .ofs_x = 0, .ofs_y = 0},
    {.bitmap_index = 0, .adv_w = 307, .box_w = 7, .box_h = 22, .ofs_x = 6, .ofs_y = 0},
    {.bitmap_index = 77, .adv_w = 307, .box_w = 11, .box_h = 11, .ofs_x = 4, .ofs_y = 13},
    {.bitmap_index = 138, .adv_w = 307, .box_w = 19, .box_h = 22, .ofs_x = 0, .ofs_y = 0},
    {.bitmap_index = 347, .adv_w = 307, .box_w = 18, .box_h = 30, .ofs_x = 1, .ofs_y = -4},
    {.bitmap_index = 617, .adv_w = 307, .box_w = 19, .box_h = 22, .ofs_x = 0, .ofs_y = 0},
    {.bitmap_index = 826, .adv_w = 307, .box_w = 19, .box_h = 22, .ofs_x = 0, .ofs_y = 0},
    {.bitmap_index = 1035, .adv_w = 307, .box_w = 5, .box_h = 11, .ofs_x = 7, .ofs_y = 13},
    {.bitmap_index = 1063, .adv_w = 307, .box_w = 12, .box_h = 29, .ofs_x = 5, .ofs_y = -4},
    {.bitmap_index = 1237, .adv_w = 307, .box_w = 12, .box_h = 29, .ofs_x = 2, .ofs_y = -4},
    {.bitmap_index = 1411, .adv_w = 307, .box_w = 18, .box_h = 17, .ofs_x = 1, .ofs_y = 1},
    {.bitmap_index = 1564, .adv_w = 307, .box_w = 17, .box_h = 16, .ofs_x = 1, .ofs_y = 2},
    {.bitmap_index = 1700, .adv_w = 307, .box_w = 9, .box_h = 11, .ofs_x = 5, .ofs_y = -5},
    {.bitmap_index = 1750, .adv_w = 307, .box_w = 11, .box_h = 5, .ofs_x = 4, .ofs_y = 8},
    {.bitmap_index = 1778, .adv_w = 307, .box_w = 7, .box_h = 6, .ofs_x = 6, .ofs_y = 0},
    {.bitmap_index = 1799, .adv_w = 307, .box_w = 15, .box_h = 29, .ofs_x = 2, .ofs_y = -4},
    {.bitmap_index = 2017, .adv_w = 307, .box_w = 18, .box_h = 22, .ofs_x = 1, .ofs_y = 0},
    {.bitmap_index = 2215, .adv_w = 307, .box_w = 18, .box_h = 22, .ofs_x = 1, .ofs_y = 0},
    {.bitmap_index = 2413, .adv_w = 307, .box_w = 17, .box_h = 22, .ofs_x = 1, .ofs_y = 0},
    {.bitmap_index = 2600, .adv_w = 307, .box_w = 18, .box_h = 22, .ofs_x = 0, .ofs_y = 0},
    {.bitmap_index = 2798, .adv_w = 307, .box_w = 19, .box_h = 22, .ofs_x = 0, .ofs_y = 0},
    {.bitmap_index = 3007, .adv_w = 307, .box_w = 17, .box_h = 22, .ofs_x = 1, .ofs_y = 0},
    {.bitmap_index = 3194, .adv_w = 307, .box_w = 17, .box_h = 22, .ofs_x = 1, .ofs_y = 0},
    {.bitmap_index = 3381, .adv_w = 307, .box_w = 17, .box_h = 22, .ofs_x = 1, .ofs_y = 0},
    {.bitmap_index = 3568, .adv_w = 307, .box_w = 17, .box_h = 22, .ofs_x = 1, .ofs_y = 0},
    {.bitmap_index = 3755, .adv_w = 307, .box_w = 17, .box_h = 22, .ofs_x = 1, .ofs_y = 0},
    {.bitmap_index = 3942, .adv_w = 307, .box_w = 7, .box_h = 17, .ofs_x = 6, .ofs_y = 0},
    {.bitmap_index = 4002, .adv_w = 307, .box_w = 9, .box_h = 22, .ofs_x = 5, .ofs_y = -5},
    {.bitmap_index = 4101, .adv_w = 307, .box_w = 15, .box_h = 20, .ofs_x = 2, .ofs_y = 0},
    {.bitmap_index = 4251, .adv_w = 307, .box_w = 17, .box_h = 11, .ofs_x = 1, .ofs_y = 5},
    {.bitmap_index = 4345, .adv_w = 307, .box_w = 15, .box_h = 20, .ofs_x = 2, .ofs_y = 0},
    {.bitmap_index = 4495, .adv_w = 307, .box_w = 15, .box_h = 22, .ofs_x = 2, .ofs_y = 0},
    {.bitmap_index = 4660, .adv_w = 307, .box_w = 17, .box_h = 25, .ofs_x = 1, .ofs_y = -3},
    {.bitmap_index = 4873, .adv_w = 307, .box_w = 19, .box_h = 22, .ofs_x = 0, .ofs_y = 0},
    {.bitmap_index = 5082, .adv_w = 307, .box_w = 16, .box_h = 22, .ofs_x = 2, .ofs_y = 0},
    {.bitmap_index = 5258, .adv_w = 307, .box_w = 17, .box_h = 22, .ofs_x = 1, .ofs_y = 0},
    {.bitmap_index = 5445, .adv_w = 307, .box_w = 16, .box_h = 22, .ofs_x = 2, .ofs_y = 0},
    {.bitmap_index = 5621, .adv_w = 307, .box_w = 15, .box_h = 22, .ofs_x = 2, .ofs_y = 0},
    {.bitmap_index = 5786, .adv_w = 307, .box_w = 16, .box_h = 22, .ofs_x = 2, .ofs_y = 0},
    {.bitmap_index = 5962, .adv_w = 307, .box_w = 17, .box_h = 22, .ofs_x = 1, .ofs_y = 0},
    {.bitmap_index = 6149, .adv_w = 307, .box_w = 16, .box_h = 22, .ofs_x = 2, .ofs_y = 0},
    {.bitmap_index = 6325, .adv_w = 307, .box_w = 15, .box_h = 22, .ofs_x = 2, .ofs_y = 0},
    {.bitmap_index = 6490, .adv_w = 307, .box_w = 16, .box_h = 22, .ofs_x = 1, .ofs_y = 0},
    {.bitmap_index = 6666, .adv_w = 307, .box_w = 18, .box_h = 22, .ofs_x = 2, .ofs_y = 0},
    {.bitmap_index = 6864, .adv_w = 307, .box_w = 15, .box_h = 22, .ofs_x = 3, .ofs_y = 0},
    {.bitmap_index = 7029, .adv_w = 307, .box_w = 17, .box_h = 22, .ofs_x = 1, .ofs_y = 0},
    {.bitmap_index = 7216, .adv_w = 307, .box_w = 16, .box_h = 22, .ofs_x = 2, .ofs_y = 0},
    {.bitmap_index = 7392, .adv_w = 307, .box_w = 18, .box_h = 22, .ofs_x = 1, .ofs_y = 0},
    {.bitmap_index = 7590, .adv_w = 307, .box_w = 16, .box_h = 22, .ofs_x = 2, .ofs_y = 0},
    {.bitmap_index = 7766, .adv_w = 307, .box_w = 18, .box_h = 29, .ofs_x = 1, .ofs_y = -7},
    {.bitmap_index = 8027, .adv_w = 307, .box_w = 17, .box_h = 22, .ofs_x = 2, .ofs_y = 0},
    {.bitmap_index = 8214, .adv_w = 307, .box_w = 17, .box_h = 22, .ofs_x = 1, .ofs_y = 0},
    {.bitmap_index = 8401, .adv_w = 307, .box_w = 19, .box_h = 22, .ofs_x = 0, .ofs_y = 0},
    {.bitmap_index = 8610, .adv_w = 307, .box_w = 17, .box_h = 22, .ofs_x = 1, .ofs_y = 0},
    {.bitmap_index = 8797, .adv_w = 307, .box_w = 19, .box_h = 22, .ofs_x = 0, .ofs_y = 0},
    {.bitmap_index = 9006, .adv_w = 307, .box_w = 19, .box_h = 22, .ofs_x = 0, .ofs_y = 0},
    {.bitmap_index = 9215, .adv_w = 307, .box_w = 19, .box_h = 22, .ofs_x = 0, .ofs_y = 0},
    {.bitmap_index = 9424, .adv_w = 307, .box_w = 19, .box_h = 22, .ofs_x = 0, .ofs_y = 0},
    {.bitmap_index = 9633, .adv_w = 307, .box_w = 17, .box_h = 22, .ofs_x = 1, .ofs_y = 0},
    {.bitmap_index = 9820, .adv_w = 307, .box_w = 11, .box_h = 29, .ofs_x = 6, .ofs_y = -4},
    {.bitmap_index = 9980, .adv_w = 307, .box_w = 15, .box_h = 29, .ofs_x = 2, .ofs_y = -4},
    {.bitmap_index = 10198, .adv_w = 307, .box_w = 10, .box_h = 29, .ofs_x = 3, .ofs_y = -4},
    {.bitmap_index = 10343, .adv_w = 307, .box_w = 18, .box_h = 15, .ofs_x = 1, .ofs_y = 8},
    {.bitmap_index = 10478, .adv_w = 307, .box_w = 17, .box_h = 4, .ofs_x = 1, .ofs_y = -6},
    {.bitmap_index = 10512, .adv_w = 307, .box_w = 7, .box_h = 8, .ofs_x = 5, .ofs_y = 18},
    {.bitmap_index = 10540, .adv_w = 307, .box_w = 18, .box_h = 17, .ofs_x = 1, .ofs_y = 0},
    {.bitmap_index = 10693, .adv_w = 307, .box_w = 16, .box_h = 24, .ofs_x = 2, .ofs_y = 0},
    {.bitmap_index = 10885, .adv_w = 307, .box_w = 16, .box_h = 17, .ofs_x = 2, .ofs_y = 0},
    {.bitmap_index = 11021, .adv_w = 307, .box_w = 16, .box_h = 24, .ofs_x = 1, .ofs_y = 0},
    {.bitmap_index = 11213, .adv_w = 307, .box_w = 17, .box_h = 17, .ofs_x = 1, .ofs_y = 0},
    {.bitmap_index = 11358, .adv_w = 307, .box_w = 16, .box_h = 24, .ofs_x = 2, .ofs_y = 0},
    {.bitmap_index = 11550, .adv_w = 307, .box_w = 18, .box_h = 27, .ofs_x = 1, .ofs_y = -6},
    {.bitmap_index = 11793, .adv_w = 307, .box_w = 15, .box_h = 24, .ofs_x = 2, .ofs_y = 0},
    {.bitmap_index = 11973, .adv_w = 307, .box_w = 15, .box_h = 24, .ofs_x = 3, .ofs_y = 0},
    {.bitmap_index = 12153, .adv_w = 307, .box_w = 13, .box_h = 30, .ofs_x = 2, .ofs_y = -6},
    {.bitmap_index = 12348, .adv_w = 307, .box_w = 17, .box_h = 24, .ofs_x = 2, .ofs_y = 0},
    {.bitmap_index = 12552, .adv_w = 307, .box_w = 15, .box_h = 24, .ofs_x = 2, .ofs_y = 0},
    {.bitmap_index = 12732, .adv_w = 307, .box_w = 17, .box_h = 17, .ofs_x = 1, .ofs_y = 0},
    {.bitmap_index = 12877, .adv_w = 307, .box_w = 15, .box_h = 17, .ofs_x = 2, .ofs_y = 0},
    {.bitmap_index = 13005, .adv_w = 307, .box_w = 17, .box_h = 17, .ofs_x = 1, .ofs_y = 0},
    {.bitmap_index = 13150, .adv_w = 307, .box_w = 16, .box_h = 23, .ofs_x = 2, .ofs_y = -6},
    {.bitmap_index = 13334, .adv_w = 307, .box_w = 16, .box_h = 23, .ofs_x = 1, .ofs_y = -6},
    {.bitmap_index = 13518, .adv_w = 307, .box_w = 16, .box_h = 17, .ofs_x = 2, .ofs_y = 0},
    {.bitmap_index = 13654, .adv_w = 307, .box_w = 16, .box_h = 17, .ofs_x = 1, .ofs_y = 0},
    {.bitmap_index = 13790, .adv_w = 307, .box_w = 16, .box_h = 22, .ofs_x = 1, .ofs_y = 0},
    {.bitmap_index = 13966, .adv_w = 307, .box_w = 15, .box_h = 17, .ofs_x = 2, .ofs_y = 0},
    {.bitmap_index = 14094, .adv_w = 307, .box_w = 17, .box_h = 17, .ofs_x = 1, .ofs_y = 0},
    {.bitmap_index = 14239, .adv_w = 307, .box_w = 19, .box_h = 17, .ofs_x = 0, .ofs_y = 0},
    {.bitmap_index = 14401, .adv_w = 307, .box_w = 18, .box_h = 17, .ofs_x = 1, .ofs_y = 0},
    {.bitmap_index = 14554, .adv_w = 307, .box_w = 19, .box_h = 23, .ofs_x = 0, .ofs_y = -6},
    {.bitmap_index = 14773, .adv_w = 307, .box_w = 15, .box_h = 17, .ofs_x = 2, .ofs_y = 0},
    {.bitmap_index = 14901, .adv_w = 307, .box_w = 14, .box_h = 29, .ofs_x = 3, .ofs_y = -4},
    {.bitmap_index = 15104, .adv_w = 307, .box_w = 5, .box_h = 29, .ofs_x = 7, .ofs_y = -4},
    {.bitmap_index = 15177, .adv_w = 307, .box_w = 14, .box_h = 29, .ofs_x = 3, .ofs_y = -4},
    {.bitmap_index = 15380, .adv_w = 307, .box_w = 17, .box_h = 8, .ofs_x = 1, .ofs_y = 6}
};

/*---------------------
 *  CHARACTER MAPPING
 *--------------------*/



/*Collect the unicode lists and glyph_id offsets*/
static const lv_font_fmt_txt_cmap_t cmaps[] =
{
    {
        .range_start = 32, .range_length = 95, .glyph_id_start = 1,
        .unicode_list = NULL, .glyph_id_ofs_list = NULL, .list_length = 0, .type = LV_FONT_FMT_TXT_CMAP_FORMAT0_TINY
    }
};



/*--------------------
 *  ALL CUSTOM DATA
 *--------------------*/

#if LVGL_VERSION_MAJOR == 8
/*Store all the custom data of the font*/
static  lv_font_fmt_txt_glyph_cache_t cache;
#endif

#if LVGL_VERSION_MAJOR >= 8
static const lv_font_fmt_txt_dsc_t font_dsc = {
#else
static lv_font_fmt_txt_dsc_t font_dsc = {
#endif
    .glyph_bitmap = glyph_bitmap,
    .glyph_dsc = glyph_dsc,
    .cmaps = cmaps,
    .kern_dsc = NULL,
    .kern_scale = 0,
    .cmap_num = 1,
    .bpp = 4,
    .kern_classes = 0,
    .bitmap_format = 0,
#if LVGL_VERSION_MAJOR == 8
    .cache = &cache
#endif
};



/*-----------------
 *  PUBLIC FONT
 *----------------*/

/*Initialize a public general font descriptor*/
#if LVGL_VERSION_MAJOR >= 8
const lv_font_t plex_semibold_32 = {
#else
lv_font_t plex_semibold_32 = {
#endif
    .get_glyph_dsc = lv_font_get_glyph_dsc_fmt_txt,    /*Function pointer to get glyph's data*/
    .get_glyph_bitmap = lv_font_get_bitmap_fmt_txt,    /*Function pointer to get glyph's bitmap*/
    .line_height = 33,          /*The maximum line height required by the font*/
    .base_line = 7,             /*Baseline measured from the bottom of the line*/
#if !(LVGL_VERSION_MAJOR == 6 && LVGL_VERSION_MINOR == 0)
    .subpx = LV_FONT_SUBPX_NONE,
#endif
#if LV_VERSION_CHECK(7, 4, 0) || LVGL_VERSION_MAJOR >= 8
    .underline_position = -4,
    .underline_thickness = 3,
#endif
    .dsc = &font_dsc,          /*The custom font data. Will be accessed by `get_glyph_bitmap/dsc` */
#if LV_VERSION_CHECK(8, 2, 0) || LVGL_VERSION_MAJOR >= 9
    .fallback = NULL,
#endif
    .user_data = NULL,
};



#endif /*#if PLEX_SEMIBOLD_32*/

